created_at,id,url,reblog,text
2026-05-27T00:50:00.948Z,116643790910080948,https://truthsocial.com/@realDonaldTrump/116643790910080948,no,
2026-05-27T00:49:49.932Z,116643790188255572,https://truthsocial.com/@realDonaldTrump/116643790188255572,no,
2026-05-26T21:19:56.261Z,116642964849373081,https://truthsocial.com/@realDonaldTrump/116642964849373081,no,"It is critically important that the CFTC’s exclusive authority over Prediction Markets is maintained, and that they will thrive. Under my leadership, we are setting “rules of the road” that are the Gold Standard for the States. We cannot have SCUM like Chris Christie, Letitia James, Tim Walz, and JB Pritzker setting the rules! Other Countries are after this new form of Financial Market, and we want to remain at the top. Likewise, and even more importantly, where we are currently the Crypto (Bitcoin, etc.) Capital of the World, other Countries are trying diligently to replace us in that capacity, but we won’t let that happen. It is a major Industry, and we must protect it. Mike Selig, CFTC Chairman, and respected by all, is doing a great job. Thank you Mike! President DONALD J. TRUMP"
2026-05-26T20:47:20.089Z,116642836649690961,https://truthsocial.com/@realDonaldTrump/116642836649690961,no,"Based on the possible bad weather conditions tomorrow, we will be having our Cabinet Meeting in the White House, and will be postponing the Cabinet trip to Camp David. Thank you for your attention to this matter! President DONALD J. TRUMP"
2026-05-26T20:37:52.023Z,116642799421262985,https://truthsocial.com/@realDonaldTrump/116642799421262985,no,"Highly Respected Congressman Byron Donalds is running for Governor of Florida, a State that I love, and WON BIG, in 2016, 2020, and 2024.I know Byron well, have seen him tested at the highest and most difficult levels, and he is a TOTAL WINNER! Byron has a great wife, Erika, and three beautiful sons. They are very proud of him! As Governor, Byron will have a BIG Voice, and work closely with me to advance our America First Agenda. He will fight tirelessly to help Keep our Border SECURE, Stop Migrant Crime, Strengthen our Military, Protect our Veterans, Advance American Energy DOMINANCE, Cut Taxes and Regulations, Promote MADE IN THE U.S.A., and Defend our always under siege Second Amendment.Byron Donalds will be a truly Great and Powerful Governor for Florida, and has my Complete and Total Endorsement — HE WILL NOT LET YOU DOWN!"
2026-05-26T19:32:42.306Z,116642543193922330,https://truthsocial.com/@realDonaldTrump/116642543193922330,no,"If Iran surrenders, admits their Navy is gone and resting at the bottom of the sea, and their Air Force is no longer with us, and if their entire Military walks out of Tehran, weapons dropped and hands held high, each shouting “I surrender, I surrender” while wildly waving the representative White Flag, and if their entire remaining Leadership signs all necessary “Documents of Surrender,” and admit their defeat to the great power and force of the magnificent U.S.A., The Failing New York Times, The China Street Journal (WSJ!), Corrupt and now Irrelevant CNN, and all other members of the Fake News Media, will headline that Iran had a Masterful and Brilliant Victory over The United States of America, it wasn’t even close. The Dumacrats and Media have totally lost their way. They have gone absolutely CRAZY!!! President DJT"
2026-05-26T16:47:22.478Z,116641893088020729,https://truthsocial.com/@realDonaldTrump/116641893088020729,no,Teen takeover in Chicago. Five officers badly hurt. Mayor and Governor are terrible. Should call for help!
2026-05-26T16:40:50.602Z,116641867405994600,https://truthsocial.com/@realDonaldTrump/116641867405994600,no,Just finished my 6 month physical at Walter Reed Military Medical Center. Everything checked out PERFECTLY. Thank you to the great Doctors and Staff! Heading back to the White House. President DJT
2026-05-26T12:18:55.043Z,116640837468653063,https://truthsocial.com/@realDonaldTrump/116640837468653063,no,Great job by Congressman Derrick Van Orden on FoxNews. A real PRO! President DJT
2026-05-26T11:29:57.012Z,116640644924110544,https://truthsocial.com/@realDonaldTrump/116640644924110544,no,
2026-05-26T11:29:45.792Z,116640644188806998,https://truthsocial.com/@realDonaldTrump/116640644188806998,no,
2026-05-26T11:26:15.489Z,116640630404037479,https://truthsocial.com/@realDonaldTrump/116640630404037479,no,"Historian, and far beyond that, Victor Davis Hanson, is GREAT. That’s all I have to say. There is no further explanation needed. A fantastic man! President DJT"
2026-05-26T11:19:44.472Z,116640604780685905,https://truthsocial.com/@realDonaldTrump/116640604780685905,no,
2026-05-26T11:19:12.158Z,116640602660695683,https://truthsocial.com/@realDonaldTrump/116640602660695683,no,"Exclusive: Key Biden DOJ official raised red flags about FBI’s Mar-a-Lago raid, memo shows: https://justthenews.com/government/courts-law/biden-doj-official-had-concerns-trump-declassified-documents-seized-fbis-mar"
2026-05-26T11:18:48.504Z,116640601110526474,https://truthsocial.com/@realDonaldTrump/116640601110526474,no,U.S. attorney in Miami sends ‘message’ to deep state with indictment against ex-prosecutor: https://justthenews.com/accountability/political-ethics/us-attorney-miami-sends-message-deep-state-indictment-against-ex
2026-05-26T10:07:08.936Z,116640319334016190,https://truthsocial.com/@realDonaldTrump/116640319334016190,no,Great job on FoxNews by Alex Gray. Thanks Alex!!! President DJT
2026-05-26T10:02:50.400Z,116640302390587616,https://truthsocial.com/@realDonaldTrump/116640302390587616,no,https://truthsocial.com/users/SpiritualStreetfighter/statuses/116635950751637260
2026-05-26T10:01:20.532Z,116640296501012524,https://truthsocial.com/@realDonaldTrump/116640296501012524,no,https://truthsocial.com/users/Imaluckyangel/statuses/116634887599602834
2026-05-26T10:00:48.373Z,116640294393468349,https://truthsocial.com/@realDonaldTrump/116640294393468349,no,https://truthsocial.com/users/IStandWithTrump47/statuses/116634844670581336
2026-05-26T10:00:13.661Z,116640292118558842,https://truthsocial.com/@realDonaldTrump/116640292118558842,no,https://truthsocial.com/users/1776WeThePeople1776Q/statuses/116634771557391388
2026-05-26T09:59:50.002Z,116640290568039212,https://truthsocial.com/@realDonaldTrump/116640290568039212,no,https://truthsocial.com/users/Imaluckyangel/statuses/116634918808075195
2026-05-26T09:59:31.485Z,116640289354505970,https://truthsocial.com/@realDonaldTrump/116640289354505970,no,"https://truthsocial.com/users/Imaluckyangel/statuses/116634885298397647. Texas, Vote for Ken Paxton, our Country’s BEST Attorney General!"
2026-05-26T09:56:28.949Z,116640277391760989,https://truthsocial.com/@realDonaldTrump/116640277391760989,no,https://truthsocial.com/users/dpritsky/statuses/116634739174498414
2026-05-26T09:56:14.097Z,116640276418472460,https://truthsocial.com/@realDonaldTrump/116640276418472460,no,https://truthsocial.com/users/lpsychology/statuses/116634696012655362
2026-05-26T09:54:40.148Z,116640270261424904,https://truthsocial.com/@realDonaldTrump/116640270261424904,no,https://truthsocial.com/users/IStandWithTrump47/statuses/116634874790791060
2026-05-26T09:53:47.312Z,116640266798821002,https://truthsocial.com/@realDonaldTrump/116640266798821002,no,https://truthsocial.com/users/lauramarks/statuses/116634728742534171
2026-05-26T09:53:29.015Z,116640265599728280,https://truthsocial.com/@realDonaldTrump/116640265599728280,no,https://truthsocial.com/users/lauramarks/statuses/116634724803550055
2026-05-26T09:52:48.227Z,116640262926602501,https://truthsocial.com/@realDonaldTrump/116640262926602501,no,https://truthsocial.com/users/IStandWithTrump47/statuses/116634832160073750
2026-05-26T02:14:24.484Z,116638460441254303,https://truthsocial.com/@realDonaldTrump/116638460441254303,no,U.S. attorney in Miami sends ‘message’ to deep state with indictment against ex-prosecutor https://justthenews.com/accountability/political-ethics/us-attorney-miami-sends-message-deep-state-indictment-against-ex
2026-05-26T02:13:02.641Z,116638455077643701,https://truthsocial.com/@realDonaldTrump/116638455077643701,no,"Exclusive: Key Biden DOJ official raised red flags about FBI’s Mar-a-Lago raid, memo shows: https://justthenews.com/government/courts-law/biden-doj-official-had-concerns-trump-declassified-documents-seized-fbis-mar"
2026-05-26T00:47:25.434Z,116638118403619197,https://truthsocial.com/@realDonaldTrump/116638118403619197,no,
2026-05-26T00:10:27.952Z,116637973078764700,https://truthsocial.com/@realDonaldTrump/116637973078764700,no,
2026-05-26T00:10:21.549Z,116637972659155015,https://truthsocial.com/@realDonaldTrump/116637972659155015,no,
2026-05-26T00:10:12.249Z,116637972049713823,https://truthsocial.com/@realDonaldTrump/116637972049713823,no,
2026-05-26T00:10:02.684Z,116637971422874569,https://truthsocial.com/@realDonaldTrump/116637971422874569,no,
2026-05-26T00:09:54.673Z,116637970897874082,https://truthsocial.com/@realDonaldTrump/116637970897874082,no,
2026-05-25T23:57:57.941Z,116637923930386496,https://truthsocial.com/@realDonaldTrump/116637923930386496,no,RT: https://truthsocial.com/users/realDonaldTrump/statuses/116637923075105654
2026-05-25T23:57:44.957Z,116637923075105654,https://truthsocial.com/@realDonaldTrump/116637923075105654,no,
2026-05-25T21:45:59.630Z,116637404995923093,https://truthsocial.com/@realDonaldTrump/116637404995923093,no,"The Enriched Uranium (Nuclear Dust!) will either be immediately turned over to the United States to be brought home and destroyed or, preferably, in conjunction and coordination with the Islamic Republic of Iran, destroyed in place or, at another acceptable location, with the Atomic Energy Commission, or its equivalent, being witness to this process and event. Thank you for your attention to this matter! President DJT"
2026-05-25T17:35:13.050Z,116636418903333996,https://truthsocial.com/@realDonaldTrump/116636418903333996,no,
2026-05-25T15:27:18.945Z,116635915970716365,https://truthsocial.com/@realDonaldTrump/116635915970716365,no,https://truthsocial.com/users/dpritsky/statuses/116634745889324010
2026-05-25T15:26:50.281Z,116635914092231106,https://truthsocial.com/@realDonaldTrump/116635914092231106,no,https://truthsocial.com/users/IStandWithTrump47/statuses/116634879222745492
2026-05-25T15:26:36.813Z,116635913209650795,https://truthsocial.com/@realDonaldTrump/116635913209650795,no,https://truthsocial.com/users/IStandWithTrump47/statuses/116634820235173843
2026-05-25T15:25:47.929Z,116635910005926618,https://truthsocial.com/@realDonaldTrump/116635910005926618,no,https://truthsocial.com/users/IStandWithTrump47/statuses/116634822157963892
2026-05-25T12:23:39.844Z,116635193825443617,https://truthsocial.com/@realDonaldTrump/116635193825443617,no,"Negotiations with the Islamic Republic of Iran are proceeding nicely! It will only be a Great Deal for all or, no Deal at all — Back to the Battlefront and shooting, but bigger and stronger than ever before — And nobody wants that! During my discussions on Saturday with President Mohammed bin Salman Al Saud, of Saudi Arabia, Mohammed bin Zayed Al Nahyan, of The United Arab Emirates, Emir Tamim bin Hamad bin Khalifa Al Thani, Prime Minister Mohammed bin Abdulrahman bin Jassim bin Jaber Al Thani, and Minister Ali al-Thawadi, of Qatar, Field Marshal Syed Asim Munir Ahmed Shah, of Pakistan, President Recep Tayyip Erdoğan, of Türkiye, President Abdel Fattah El-Sisi, of Egypt, King Abdullah II, of Jordan, and King Hamad bin Isa Al Khalifa, of Bahrain, I stated that, after all the work done by the United States to try and pull this very complex puzzle together,  it should be mandatory that all of these Countries, at a minimum, simultaneously, sign onto the Abraham Accords. Those Countries discussed are Saudi Arabia, The United Arab Emirates (already a Member!), Qatar, Pakistan, Türkiye, Egypt, Jordan, and Bahrain (already a Member!). It may be possible that one or two have a reason for not doing so, and that will be accepted, but most should be ready, willing, and able to make this Settlement with Iran a far more Historic Event than it would, otherwise, be. The Abraham Accords have proven to be, for the Countries involved (The United Arab Emirates, Bahrain, Morocco, Sudan, and Kazakhstan), a Financial, Economic, and Social BOOM, even during this time of Conflict and War, with the current Members never even suggesting leaving, or taking so much as even a pause. The reason for this is that the Abraham Accords have been great for them, and will be even better for everybody, and bring true Power, Strength, and Peace to the Middle East for the first time in 5,000 years. It will be a Document respected like no other that has ever been signed, anywhere in the World. Its level of Importance and Prestige will be unparalleled! It should start with the immediate signing by Saudi Arabia and Qatar, and everybody else should follow suit. If they don’t, they should not be part of this Deal in that it shows bad intention. In speaking to numerous of the Great Leaders mentioned above, they would be honored, as soon as our Document is signed, to have the Islamic Republic of Iran as part of the Abraham Accords. Wow, now that would be something special! This will be the most important Deal that any of these Great, but always in Conflict Countries, will ever sign. Nothing in the past, or in the future, will surpass it. Therefore, I am mandatorily requesting that all Countries immediately sign the Abraham Accords, and that, if Iran signs its Agreement with me, as President of the United States of America, it would be an Honor to have them also be part of this unparalleled World Coalition. The Middle East would be United, Powerful, and Economically Strong, like perhaps no other area, anywhere in the World! By copy of this TRUTH, I am asking my Representatives to begin, and successfully complete, the process of signing these Countries into the already Historic Abraham Accords. Thank you for your attention to this matter!DONALD J. TRUMP PRESIDENT OF THE UNITED STATES OF AMERICA"
2026-05-25T12:04:43.939Z,116635119382599342,https://truthsocial.com/@realDonaldTrump/116635119382599342,no,Mike: Thank you for your nice words on Fox. We are on the same path. Keep up the great work. Good luck on the Show! President DJT
2026-05-25T11:41:09.735Z,116635026701312955,https://truthsocial.com/@realDonaldTrump/116635026701312955,yes,"RT @realDonaldTrumpThe Dumocrats have BAD POLICY, AND BAD CANDIDATES. Other than that, they are doing quite well! President DJT"
2026-05-25T11:41:07.224Z,116635026536663377,https://truthsocial.com/@realDonaldTrump/116635026536663377,yes,"RT @realDonaldTrumpHappy Memorial Day to all, including the Dumocrats, who disrespect our Military and all of the tremendous success that it has had over the last year. God Bless those that have made the ultimate sacrifice. I love you all! President DONALD J. TRUMP"
2026-05-25T11:41:04.628Z,116635026366826956,https://truthsocial.com/@realDonaldTrump/116635026366826956,yes,"RT @realDonaldTrumpI laugh at all of the Dumocrats, RINOS, and Fools who know nothing about the potential deal I am making with Iran, things that haven’t even been negotiated yet, weak and ineffective people like failed Senator Thom Tillis (Soon out of office!), Bill Cassidy, who just suffered a massive Primary loss, really bad Congressman Thomas Massie, a major sleazebag who lost in a landslide  to a great American Patriot (Endorsed by “TRUMP”) after showing tremendous disloyalty to his Party (and Country!), and almost all  Dumocrats, people that have totally lost their way, constantly supporting bad policy and even worse candidates, but are constantly critical of each and every fantastic win I have. These people should go home and rest, they do nothing but create division and loss. In other words, they are losers! The deal with Iran will either be a great and meaningful one, or there will be no deal. It will be the exact opposite of the JCPOA disaster negotiated by the failed Obama Administration, which was a direct and open path to a Nuclear Weapon for Iran. No, I don’t do deals like that! President DJT"
2026-05-25T11:40:52.625Z,116635025568002812,https://truthsocial.com/@realDonaldTrump/116635025568002812,no,RT: https://truthsocial.com/users/realDonaldTrump/statuses/116635024735126613
2026-05-25T11:40:39.826Z,116635024735126613,https://truthsocial.com/@realDonaldTrump/116635024735126613,no,
2026-05-25T10:26:37.498Z,116634733606433479,https://truthsocial.com/@realDonaldTrump/116634733606433479,no,"The Dumocrats have BAD POLICY, AND BAD CANDIDATES. Other than that, they are doing quite well! President DJT"
2026-05-25T10:18:59.769Z,116634703608757444,https://truthsocial.com/@realDonaldTrump/116634703608757444,no,"Happy Memorial Day to all, including the Dumocrats, who disrespect our Military and all of the tremendous success that it has had over the last year. God Bless those that have made the ultimate sacrifice. I love you all! President DONALD J. TRUMP"
2026-05-25T10:10:10.259Z,116634668906719597,https://truthsocial.com/@realDonaldTrump/116634668906719597,no,"I laugh at all of the Dumocrats, RINOS, and Fools who know nothing about the potential deal I am making with Iran, things that haven’t even been negotiated yet, weak and ineffective people like failed Senator Thom Tillis (Soon out of office!), Bill Cassidy, who just suffered a massive Primary loss, really bad Congressman Thomas Massie, a major sleazebag who lost in a landslide  to a great American Patriot (Endorsed by “TRUMP”) after showing tremendous disloyalty to his Party (and Country!), and almost all  Dumocrats, people that have totally lost their way, constantly supporting bad policy and even worse candidates, but are constantly critical of each and every fantastic win I have. These people should go home and rest, they do nothing but create division and loss. In other words, they are losers! The deal with Iran will either be a great and meaningful one, or there will be no deal. It will be the exact opposite of the JCPOA disaster negotiated by the failed Obama Administration, which was a direct and open path to a Nuclear Weapon for Iran. No, I don’t do deals like that! President DJT"
2026-05-25T02:09:59.326Z,116632780751574963,https://truthsocial.com/@realDonaldTrump/116632780751574963,no,The voice and genius of the great Dana White (UFC!). Thank you Dana! President DJT
2026-05-24T20:55:12.544Z,116631542989338692,https://truthsocial.com/@realDonaldTrump/116631542989338692,no,"TEXAS, REMEMBER! Ken Paxton was a GREAT Attorney General, probably the best in the Country. He was also very loyal to your favorite President, ME, as the Dumocrats played their ultimate game of  Weaponization, and failed, BADLY! I LOVE Texas, and WON it all three times, getting, by far, the highest (A Record!) Vote in the History of that Great & Beautiful State. Ken’s opponent was VERY disloyal to me, as President, and didn’t fight hard enough for the desperately needed SAVE AMERICA ACT - VOTER I.D., PROOF OF CITIZENSHIP, NO MAIL-IN BALLOTS (with exceptions for Military, Illness, Disability, or Travel!). What more needs to be said??? Vote for Ken Paxton on Tuesday, HE WILL NEVER LET YOU DOWN!!!  President DONALD J. TRUMP"
2026-05-24T19:41:34.417Z,116631253441115435,https://truthsocial.com/@realDonaldTrump/116631253441115435,no,
2026-05-24T19:38:26.445Z,116631241122246173,https://truthsocial.com/@realDonaldTrump/116631241122246173,no,
2026-05-24T19:37:18.180Z,116631236648279838,https://truthsocial.com/@realDonaldTrump/116631236648279838,no,
2026-05-24T19:32:17.666Z,116631216958431697,https://truthsocial.com/@realDonaldTrump/116631216958431697,no,"It is my Great Honor to endorse Ty Masterson, a fantastic Candidate running to be the next Governor of the Great State of Kansas, a place I love and WON BIG in 2016, 2020, and 2024! Ty will run on the Republican “ticket” with my friend, the Great U.S. Senator Roger Marshall, who, along with many America First Patriots in Kansas, strongly believe in him.A highly successful Small Business Owner and Entrepreneur, and Kansas’ very popular State Senate President, Ty has dedicated his life to serving his Community. As your next Governor, Ty will work tirelessly to Champion Kansas Values, Promote our Amazing Farmers and Ranchers, Grow our Economy, Cut Taxes and Regulations, Advance MADE IN THE U.S.A., Unleash American Energy DOMINANCE, Keep our Border SECURE, Stop Migrant Crime, Ensure LAW AND ORDER, Support our Brave Military, Veterans, and Law Enforcement, Safeguard our Elections, and Defend our always under siege Second Amendment.Ty Masterson has my Complete and Total Endorsement to be the next Governor of Kansas — HE WILL NEVER LET YOU DOWN!"
2026-05-24T19:21:05.345Z,116631172892605269,https://truthsocial.com/@realDonaldTrump/116631172892605269,no,
2026-05-24T18:16:36.963Z,116630919376298273,https://truthsocial.com/@realDonaldTrump/116630919376298273,no,"If I make a deal with Iran, it will be a good and proper one, not like the one made by Obama, which gave Iran massive amounts of CASH, and a clear and open path to a Nuclear Weapon. Our deal is the exact opposite, but nobody has seen it, or knows what it is. It isn’t even fully negotiated yet. So don’t listen to the losers, who are critical about something they know nothing about. Unlike those before me who should have solved this problem many years ago, I don’t make bad deals! President DJT"
2026-05-24T14:52:47.776Z,116630117922315548,https://truthsocial.com/@realDonaldTrump/116630117922315548,no,
2026-05-24T14:10:50.824Z,116629952973301768,https://truthsocial.com/@realDonaldTrump/116629952973301768,no,"One of the worst deals ever made by our Country was the Iran Nuclear Deal, put forth and signed into existence by Barack Hussein Obama and the rank amateurs of the Obama Administration. It was a direct path to Iran developing a Nuclear Weapon. Not so with the transaction currently being negotiated with Iran by the Trump Administration - THE EXACT OPPOSITE, in fact! The negotiations are proceeding in an orderly and constructive manner, and I have informed my representatives not to rush into a deal in that time is on our side. The Blockade will remain in full force and effect until an agreement is reached, certified, and signed. Both sides must take their time and get it right. There can be no mistakes! Our relationship with Iran is becoming a much more professional and productive one. They must understand, however, that they cannot develop or procure a Nuclear Weapon or Bomb. I would like to thank, thus far, all of the countries of the Middle East for their support and cooperation, which will be further enhanced and strengthened by their joining the Nations of the historic Abraham Accords and, who knows, perhaps the Islamic Republic of Iran would like to join, as well! Thank you for your attention to this matter. President DONALD J. TRUMP"
2026-05-24T13:53:41.859Z,116629885537147552,https://truthsocial.com/@realDonaldTrump/116629885537147552,no,The Dumocrats don’t want to allow FISHING. Fighting us in Court. Bad for the environment. Amazing! President DJT
2026-05-24T12:12:40.879Z,116629488324725621,https://truthsocial.com/@realDonaldTrump/116629488324725621,no,
2026-05-24T12:12:27.661Z,116629487458314957,https://truthsocial.com/@realDonaldTrump/116629487458314957,no,“President Xi and President Trump are AMAZING!”
2026-05-24T12:12:16.821Z,116629486748113104,https://truthsocial.com/@realDonaldTrump/116629486748113104,no,“President Xi and President Trump are AMAZING!”
2026-05-24T12:02:16.112Z,116629447379986678,https://truthsocial.com/@realDonaldTrump/116629447379986678,no,
2026-05-24T12:01:59.369Z,116629446282651415,https://truthsocial.com/@realDonaldTrump/116629446282651415,no,This is a bad (Sick!) group of people. Very destructive to our great Nation. Caused tremendous damage through Weaponization! President DJT
2026-05-24T05:09:41.380Z,116627825055821275,https://truthsocial.com/@realDonaldTrump/116627825055821275,no,“Birthright Citizenship is suicide for our Country!” Mark Levin
2026-05-24T04:23:49.907Z,116627644735216408,https://truthsocial.com/@realDonaldTrump/116627644735216408,no,"Thank you to our great Secret Service and Law Enforcement for the swift and professional action taken this evening against a gunman near the White House, who had a violent history and possible obsession with our Country’s most cherished structure. The gunman is dead after an exchange of gunfire with Secret Service Agents near the White House gates. This event is one month removed from the White House Correspondent’Dinner shooting, and goes to show how important it is, for all future Presidents, to get, what will be, the most safe and secure space of its kind ever built in Washington, D.C. The National Security of our Country demands it!"
2026-05-24T01:59:43.503Z,116627078084596411,https://truthsocial.com/@realDonaldTrump/116627078084596411,no,"The Democrats just released an “Autopsy” of their 2024 Presidential Campaign, typos and all, but they refused to discuss two very important words, BAD POLICY. The candidates, Sleepy Joe and then, Kamala, weren’t so “HOT” either! President DJT"
2026-05-23T20:30:37.481Z,116625784011805994,https://truthsocial.com/@realDonaldTrump/116625784011805994,no,"I am in the Oval Office at the White House where we just had a very good call with President Mohammed bin Salman Al Saud, of Saudi Arabia, Mohammed bin Zayed Al Nahyan, of The United Arab Emirates, Emir Tamim bin Hamad bin Khalifa Al Thani, Prime Minister Mohammed bin Abdulrahman bin Jassim bin Jaber Al Thani, and Minister Ali al-Thawadi, of Qatar, Field Marshal Syed Asim Munir Ahmed Shah, of Pakistan, President Recep Tayyip Erdoğan, of Türkiye, President Abdel Fattah El-Sisi, of Egypt, King Abdullah II, of Jordan, and King Hamad bin Isa Al Khalifa, of Bahrain, concerning the Islamic Republic of Iran, and all things related to a Memorandum of Understanding pertaining to PEACE. An Agreement has been largely negotiated, subject to finalization between the United States of America, the Islamic Republic of Iran, and the various other Countries, as listed. Separately, I had a call with Prime Minister Bibi Netanyahu, of Israel, which, likewise, went very well. Final aspects and details of the Deal are currently being discussed, and will be announced shortly. In addition to many other elements of the Agreement, the Strait of Hormuz will be opened. Thank you for your attention to this matter! President DONALD J. TRUMP"
2026-05-23T17:00:09.261Z,116624956408365867,https://truthsocial.com/@realDonaldTrump/116624956408365867,no,
2026-05-23T16:59:18.152Z,116624953059006946,https://truthsocial.com/@realDonaldTrump/116624953059006946,no,https://www.pressandjournal.co.uk/fp/sport/golf/7019115/trump-international-lands-colin-montgomeries-seal-of-approval/
2026-05-23T16:58:23.738Z,116624949486785240,https://truthsocial.com/@realDonaldTrump/116624949486785240,no,
2026-05-23T16:58:12.219Z,116624948733776921,https://truthsocial.com/@realDonaldTrump/116624948733776921,no,
2026-05-23T16:57:36.270Z,116624946382065756,https://truthsocial.com/@realDonaldTrump/116624946382065756,yes,"RT @realPatriotFreedomProjectThe same Dems and anti-Trumpers who are melting down over pardons now didn’t say a word while Americans were getting buried under unjust prison sentences, financially destroyed, and politically targeted by a weaponized justice system.Funny how “mercy” suddenly matters now.I’ve watched prosecutors try to turn ordinary convictions into life-destroying sentences. I’ve watched families get crushed while the media shrugged because the defendant’s politics made them easy to hate.Some were innocent. Some were clearly overcharged. Many never stood a fair chance against the machine.Pardons and clemency exist because the system isn’t perfect and pretending otherwise is dangerous.That’s what our latest Weaponization Watch piece is about. @realDonaldTrump open.substack.com/pub/patriotfre…"
2026-05-23T16:57:23.501Z,116624945545360144,https://truthsocial.com/@realDonaldTrump/116624945545360144,no,https://www.foxnews.com/politics/dem-governor-hot-seat-testing-limits-authority-major-move-ice
2026-05-23T16:57:06.341Z,116624944416340192,https://truthsocial.com/@realDonaldTrump/116624944416340192,no,
2026-05-23T16:56:32.100Z,116624942172469666,https://truthsocial.com/@realDonaldTrump/116624942172469666,no,We all miss the Huckster!
2026-05-23T16:56:14.498Z,116624941023353466,https://truthsocial.com/@realDonaldTrump/116624941023353466,no,President Trump’s Fixation On Heaven Is Good For America: https://www.americanthinker.com/articles/2026/03/president_trump_s_fixation_on_heaven_is_good_for_america.html
2026-05-23T16:55:53.145Z,116624939619517112,https://truthsocial.com/@realDonaldTrump/116624939619517112,no,
2026-05-23T16:55:38.547Z,116624938660853680,https://truthsocial.com/@realDonaldTrump/116624938660853680,no,RT: https://truthsocial.com/users/realDonaldTrump/statuses/116624937762459378
2026-05-23T16:55:24.836Z,116624937762459378,https://truthsocial.com/@realDonaldTrump/116624937762459378,no,
2026-05-23T16:55:02.315Z,116624936292481598,https://truthsocial.com/@realDonaldTrump/116624936292481598,no,Republican House Should Staple SAVE America Act to Everything It Sends the GOP Senate: https://www.dailysignal.com/2026/05/15/save-act-house-senate/
2026-05-23T16:54:46.891Z,116624935281735015,https://truthsocial.com/@realDonaldTrump/116624935281735015,no,America’s love affair with the road endures: https://www.washingtonexaminer.com/opinion/columnists/4570231/america-love-affair-roads-automobiles/
2026-05-23T16:54:22.450Z,116624933679947822,https://truthsocial.com/@realDonaldTrump/116624933679947822,no,Won Big! https://www.washingtonexaminer.com/in_focus/4571185/thomas-massie-useless-tenure-congress-coming-to-an-end/
2026-05-23T16:54:07.444Z,116624932696824292,https://truthsocial.com/@realDonaldTrump/116624932696824292,no,Trump’s Global Gambit: How Strikes On Iran And Venezuela Are Fueling America’s Economic Comeback And Checking China: https://loomered.com/2026/04/28/trumps-global-gambit-how-strikes-on-iran-and-venezuela-are-fueling-americas-economic-comeback-and-checking-china/
2026-05-23T13:08:49.953Z,116624046809952385,https://truthsocial.com/@realDonaldTrump/116624046809952385,no,
2026-05-23T13:08:10.729Z,116624044239404754,https://truthsocial.com/@realDonaldTrump/116624044239404754,no,
2026-05-23T13:07:37.866Z,116624042090139559,https://truthsocial.com/@realDonaldTrump/116624042090139559,no,
2026-05-23T13:07:17.145Z,116624040731909127,https://truthsocial.com/@realDonaldTrump/116624040731909127,no,A Dumocrat! Don’t allow this lying sleazebag on FoxNews!
2026-05-23T12:59:53.211Z,116624011634075592,https://truthsocial.com/@realDonaldTrump/116624011634075592,no,
2026-05-23T12:59:43.777Z,116624011015760482,https://truthsocial.com/@realDonaldTrump/116624011015760482,no,
2026-05-22T23:25:45.603Z,116620810357086038,https://truthsocial.com/@realDonaldTrump/116620810357086038,no,
2026-05-22T22:35:35.172Z,116620613069778717,https://truthsocial.com/@realDonaldTrump/116620613069778717,no,"The LEGENDARY NASCAR Driver Kyle Busch tragically and unexpectedly passed away yesterday. He was a true talent who loved NASCAR and its fans. Kyle was a WINNER! He was a two time Cup Champion, and holds the All Time Record for WINS in NASCAR’s Top Three series, and even won another just last weekend. Kyle’s wife, Samantha, and their two beautiful children are in our thoughts and prayers. Samantha was at the White House in October, for IVF. She truly loved Kyle! Rest in Peace Kyle Busch. You will always be a LEGEND! President DONALD J. TRUMP"
2026-05-22T22:20:27.982Z,116620553611959468,https://truthsocial.com/@realDonaldTrump/116620553611959468,no,
2026-05-22T22:15:30.861Z,116620534139904929,https://truthsocial.com/@realDonaldTrump/116620534139904929,no,
2026-05-22T22:13:25.994Z,116620525956578737,https://truthsocial.com/@realDonaldTrump/116620525956578737,no,
2026-05-22T22:13:18.912Z,116620525492424497,https://truthsocial.com/@realDonaldTrump/116620525492424497,no,
2026-05-22T21:57:28.897Z,116620463232274800,https://truthsocial.com/@realDonaldTrump/116620463232274800,no,
2026-05-22T17:36:40.549Z,116619437706453945,https://truthsocial.com/@realDonaldTrump/116619437706453945,no,"Unfortunately, after having done a great job, Tulsi Gabbard will be leaving the Administration on June 30th. Her wonderful husband, Abraham, has been recently diagnosed with a rare form of bone cancer, and she, rightfully, wants to be with him, bringing him back to good health as they currently fight a tough battle together. I have no doubt he will soon be better than ever. Tulsi has done an incredible job, and we will miss her. Her highly respected Principal Deputy Director of National Intelligence, Aaron Lukas, will serve as Acting Director of National Intelligence. President DONALD J. TRUMP"
2026-05-22T17:11:56.824Z,116619340468924220,https://truthsocial.com/@realDonaldTrump/116619340468924220,no,"While I very much wanted to be with my son, Don Jr., and the newest member of the Trump Family, his soon to be wife, Bettina, circumstances pertaining to Government, and my love for the United States of America, do not allow me to do so. I feel it is important for me to remain in Washington, D.C., at the White House during this important period of time. Congratulations to Don and Bettina! President DONALD J. TRUMP"
2026-05-22T13:49:50.147Z,116618545735076530,https://truthsocial.com/@realDonaldTrump/116618545735076530,no,"I gave up a lot of money in allowing the just announced Anti-Weaponization Fund to go forward. I could have settled my case, including the illegal release of my Tax Returns and the equally illegal BREAK IN of Mar-a-Lago, for an absolute fortune. Instead, I am helping others, who were so badly abused by an evil, corrupt, and weaponized Biden Administration, receive, at long last, JUSTICE! President DJT"
2026-05-22T13:37:25.699Z,116618496946919115,https://truthsocial.com/@realDonaldTrump/116618496946919115,no,"Stephen Colbert’s firing from CBS was the “Beginning of the End” for untalented, nasty, highly overpaid, not funny, and very poorly rated Late Night Television Hosts. Others, of even less talent, to soon follow. May they all Rest in Peace! President DONALD J. TRUMP"
2026-05-22T13:16:44.493Z,116618415603465868,https://truthsocial.com/@realDonaldTrump/116618415603465868,no,Stop playing games and PASS THE SAVE AMERICA ACT!
2026-05-22T13:15:26.884Z,116618410517308849,https://truthsocial.com/@realDonaldTrump/116618410517308849,no,"People don’t remember that Thom Tillis, the weak and ineffective Senator from the Great State of North Carolina, a State I won, including primaries, 6 consecutive times, didn’t have the courage to fight it out in the Senate, remain in place, and run again for office, a thing he desperately wanted to do. I called him a “Nitpicker,” always fighting against the Republican Party, and ME, mostly on things that didn’t matter. When I told him that I would  not, under any circumstances, endorse him for another run, too much work and drama (he couldn’t have won, anyway!), he immediately quit the race and publicly announced that he was going to “retire.” I said, “Wow, great news, that was easy!” The media said how brave he was to take me on, but he wasn’t brave, he was just the opposite - HE WAS A QUITTER! Now he can have all the fun he wants for a few months, with some of his RINO friends, screwing the Republican Party. In the end it will only get bigger, and better, and stronger, than ever before!!! President DJT"
2026-05-22T12:50:00.186Z,116618310463377683,https://truthsocial.com/@realDonaldTrump/116618310463377683,no,Glenn Jacobs has a BIG political future in Tennessee - A great guy!!! President DJT
2026-05-22T11:26:50.514Z,116617983460296482,https://truthsocial.com/@realDonaldTrump/116617983460296482,no,NEW STOCK MARKET RECORD!
2026-05-22T05:52:36.828Z,116616669222083429,https://truthsocial.com/@realDonaldTrump/116616669222083429,no,"Colbert is finally finished at CBS. Amazing that he lasted so long! No talent, no ratings, no life. He was like a dead person. You could take any person off of the street and they would be better than this total jerk. Thank goodness he’s finally gone!"
2026-05-22T05:29:09.933Z,116616577018871879,https://truthsocial.com/@realDonaldTrump/116616577018871879,yes,"RT @realDonaldTrumpIf Iran surrenders, admits their Navy is gone and resting at the bottom of the sea, and their Air Force is no longer with us, and if their entire Military walks out of Tehran, weapons dropped and hands held high, each shouting “I surrender, I surrender” while wildly waving the representative White Flag, and if their entire remaining Leadership signs all necessary “Documents of Surrender,” and admit their defeat to the great power and force of the magnificent U.S.A., The Failing New York Times, The China Street Journal (WSJ!), Corrupt and now Irrelevant CNN, and all other members of the Fake News Media, will headline that Iran had a Masterful and Brilliant Victory over The United States of America, it wasn’t even close. The Dumacrats and Media have totally lost their way. They have gone absolutely CRAZY!!! President DJT"
2026-05-22T02:00:14.770Z,116615755510809391,https://truthsocial.com/@realDonaldTrump/116615755510809391,no,Have it!!! Great. President DJT
2026-05-21T23:19:57.155Z,116615125212867437,https://truthsocial.com/@realDonaldTrump/116615125212867437,no,"I love the Great State of South Carolina, won every one of my Races there by a landslide, and only want the BEST representing you in Elected Office!There’s this RINO Candidate in the Palmetto State named David Pascoe, a lifelong Democrat who previously endorsed Crooked Joe Biden for President, and served as a Biden Co-Chair in South Carolina, who is running in the Republican Primary to be your next Attorney General — Pascoe is a total fraud and phony, and is no friend of our incredible Movement to, MAKE SOUTH CAROLINA, AND AMERICA, GREAT AGAIN!To our amazing South Carolina MAGA Patriots: Please make sure to get out and vote AGAINST “RINO” David Pascoe in the June Republican Primary for Attorney General, and make sure he never holds Elected Office again. THANK YOU SOUTH CAROLINA — MAGA2026!"
2026-05-21T22:55:33.541Z,116615029293475348,https://truthsocial.com/@realDonaldTrump/116615029293475348,no,"It is my Great Honor to endorse MAGA Warrior, Kenny Cody, who is running to represent the fantastic people of Tennessee’s 11th State House District.A very successful School Teacher, Civic Leader, Conservative Journalist and Activist, Kenny has dedicated his life to serving his Community. In the State House, he will fight tirelessly to Promote East Tennessee’s “Mountain Values,” Grow the Economy, Cut Taxes and Regulations, Advance MADE IN THE U.S.A., Champion American Energy DOMINANCE, Stop Migrant Crime, Strengthen our Military/Veterans, Promote School Choice, Safeguard our Elections, and Defend our always under siege Second Amendment.Kenny Cody has my Complete and Total Endorsement to be the next State Representative from Tennessee’s 11th House District – HE WILL NEVER LET YOU DOWN!"
2026-05-21T22:53:57.133Z,116615022975327653,https://truthsocial.com/@realDonaldTrump/116615022975327653,no,"Big Vote today (48-1!) in the Energy and Commerce Committee on a Bill including The Sunshine Protection Act, which will be making Daylight Saving Time Permanent! This is so important in that Hundreds of Millions of Dollars are spent every year by people, Cities, and States, being forced to change their Clocks. Many of these Clocks are located in Towers, and the cost of renting, or using, Heavy Equipment to do this twice a year is prohibitive! The House will be attaching The Sunshine Protection Act to “The Highway Bill.” Great work by Troy Nehls, and all of the Members who voted, as well, for Railway Safety. I am going to work very hard to see The Sunshine Protection Act signed into Law. It’s time that people can stop worrying about the “Clock,” not to mention all of the work and money that is spent on this ridiculous, twice yearly production. It will also be a very nice WIN for the Republican Party. Take it! We are going with the far more popular alternative, Saving Daylight, which gives you a longer, brighter Day — And who can be against that — This is an easy one! Thank you to everyone who supported this important Bill, and especially Chairman Brett Guthrie and Vern Buchanan. President DONALD J. TRUMP"
2026-05-21T22:33:28.295Z,116614942442210781,https://truthsocial.com/@realDonaldTrump/116614942442210781,no,"It is my Great Honor to endorse America First Patriot, Derek Merrin, who is running to represent the wonderful people of Ohio’s 9th Congressional District!Derek is running against a Radical Left Democrat, and Career Politician, named Marcy Kaptur, who tried to raise Taxes by over $4 Trillion Dollars, and voted against ALL of our Tax Cuts, including NO TAX ON TIPS, NO TAX ON SOCIAL SECURITY, and NO TAX ON OVERTIME. Marcy Kaptur wants to abolish our Borders, stop deporting Criminal Illegal Aliens, and supports dangerous “Soft on Crime” Policies like cashless bail that let repeat Violent Criminals roam free on our streets. She voted to allow Men in Women’s Sports, is in favor of the transgender mutilization of children, and voted AGAINST Voter I.D., but in favor of allowing Illegal Aliens to vote in our Sacred Elections. She is Reckless, Radical, and Dangerous!In contrast, as a Highly Successful State Legislator, Waterville City Councilman, and Civic Leader, prior to running for U.S. Congress, Derek Merrin has dedicated his life to serving his Community. As your next Congressman, he will fight hard to Grow our Economy, Cut Taxes and Regulations, Promote MADE IN THE U.S.A., Keep our Border SECURE, Stop Migrant Crime, Strengthen our Brave Military/Veterans, Ensure PEACE THROUGH STRENGTH, and Defend our always under siege Second Amendment.Derek Merrin has my Complete and Total Endorsement to be the next Representative from Ohio’s 9th Congressional District – HE WILL NEVER LET YOU DOWN!"
2026-05-21T20:32:57.178Z,116614468546006791,https://truthsocial.com/@realDonaldTrump/116614468546006791,no,
2026-05-21T20:32:44.290Z,116614467701219214,https://truthsocial.com/@realDonaldTrump/116614467701219214,no,
2026-05-21T20:32:18.923Z,116614466038746454,https://truthsocial.com/@realDonaldTrump/116614466038746454,no,RT: https://truthsocial.com/users/realDonaldTrump/statuses/116614465342502635
2026-05-21T20:32:08.299Z,116614465342502635,https://truthsocial.com/@realDonaldTrump/116614465342502635,no,
2026-05-21T20:28:33.518Z,116614451266681529,https://truthsocial.com/@realDonaldTrump/116614451266681529,no,"Watch for the Christopher Columbus Memorial Circle Fountain, by Union Station, opening soon! President DONALD J. TRUMP"
2026-05-21T20:26:22.712Z,116614442694237946,https://truthsocial.com/@realDonaldTrump/116614442694237946,no,"Based on the successful Election of the now President of Poland, Karol Nawrocki, who I was proud to Endorse, and our relationship with him, I am pleased to announce that the United States will be sending an additional 5,000 Troops to Poland. Thank you for your attention to this matter! President DONALD J. TRUMP"
2026-05-21T18:34:05.094Z,116614001137695379,https://truthsocial.com/@realDonaldTrump/116614001137695379,no,"Thank you to the great Troy Nehls for fighting for the Citizens of East Palestine, Railway Safety, and my Agenda. I am calling on Transportation Committee Republicans to support his Railway Safety Act Amendment, which is going to be voted on very soon. I have supported the Bill since 2023, and we need to get it done! Thank you for your attention to this matter. President DONALD J. TRUMP"
2026-05-21T18:23:19.675Z,116613958839456698,https://truthsocial.com/@realDonaldTrump/116613958839456698,no,"It was a great time and success in Georgia on Tuesday night where Geoff Duncan, a failed Lieutenant Governor, and Disgrace to the Republican Party, ran for Governor, as a Democrat, and lost BIG — A solid 50 points! He wasn’t even close, and is now, I assume, officially out of Politics. He has now failed in two Parties. This guy was a LOSER from the first day I met him and now, we can call that official! President DONALD J. TRUMP"
2026-05-21T12:49:11.392Z,116612644955271921,https://truthsocial.com/@realDonaldTrump/116612644955271921,yes,RT @realDonaldTrumpFiscal burden of illegal aliens gradually disappearing due to Trump admin: https://justthenews.com/government/white-house/fiscal-burden-illegal-aliens-gradually-disappearing-thanks-trump-admin
2026-05-21T12:49:04.148Z,116612644478185135,https://truthsocial.com/@realDonaldTrump/116612644478185135,no,https://nypost.com/2026/05/01/opinion/heres-how-to-crush-tehran-in-three-moves/
2026-05-21T03:13:53.896Z,116610382814275079,https://truthsocial.com/@realDonaldTrump/116610382814275079,no,Fiscal burden of illegal aliens gradually disappearing due to Trump admin: https://justthenews.com/government/white-house/fiscal-burden-illegal-aliens-gradually-disappearing-thanks-trump-admin
2026-05-21T03:09:41.321Z,116610366261498296,https://truthsocial.com/@realDonaldTrump/116610366261498296,no,Deranged Jack Smith and his “gang” are really bad news. Can never be allowed to happen again. They should all be prosecuted! https://justthenews.com/government/courts-law/pro-dei-prosecutor-charged-over-illegally-emailing-herself-jack-smiths-sealed
2026-05-21T02:21:48.136Z,116610177964428920,https://truthsocial.com/@realDonaldTrump/116610177964428920,no,"Akio Toyoda goes full MAGA in star-spangled, BBQ-slathered, F-150-truckin’, NASCAR-styled charm offensive: https://www.autonews.com/toyota/an-toyota-akio-toyoda-maga-nascar-trump-japan-tariff-1116/"
2026-05-20T22:55:40.918Z,116609367468774814,https://truthsocial.com/@realDonaldTrump/116609367468774814,no,Trump Says Ballroom Roof Will Host ‘Drone Empire’ to Defend D.C. https://thenationalpulse.com/2026/05/19/trump-says-ballroom-roof-will-host-drone-empire-to-defend-d-c/
2026-05-20T22:43:47.511Z,116609320715181442,https://truthsocial.com/@realDonaldTrump/116609320715181442,no,‘A GIFT TO AMERICA’: Trump Says New Ballroom Will Protect Presidents For Generations: https://hannity.com/media-room/a-gift-to-america-trump-says-new-ballroom-will-protect-presidents-for-generations-watch/
2026-05-20T22:17:57.943Z,116609219162789294,https://truthsocial.com/@realDonaldTrump/116609219162789294,no,
2026-05-20T22:16:56.501Z,116609215136043283,https://truthsocial.com/@realDonaldTrump/116609215136043283,no,"I hope the Public is watching as the Department of the Interior, Doug Burgum, and myself, are opening up many of the decades old, closed Fountains throughout the D.C. area. So far, over 20 have been revitalized, and fixed, looking better than the day they were built, many years ago. We have some left, some were in very bad and difficult condition, but we will get them all done in a short time. D.C. is being reawakened as to its Beauty, Elegance, and Charm. The “Granddaddy” of them all will be The Reflecting Pool — 2,500 feet long, and almost 200 feet wide, the biggest such structure ever built, but also, the most troublesome for many Administrations in that, from the time it was built in 1922, it essentially never really worked! It leaked from all angles, drew dirt, grime, and decay, was often filled with garbage, and wasn’t at all representative of the two Great Monuments it connects — The Lincoln Memorial, and The Washington Monument. But, very soon, before July 4th, it will be far better than it has ever been, even going back to as long ago as 1922 — Its Original Opening! The Biden and Obama Administrations spent over 100 Million Dollars, and made it far worse! It was only open for a short while, during each Administration, before the leaks and decay took over. I, together with Doug Burgum and the Department of Interior, am fixing it the right and proper way — It will last for many decades into the future. We’ve had rain delays, and have substantially increased our scope of work as to quality, durability, and even including the stone and granite on the outside of the water itself — A big job, much bigger than originally conceived, but it is being done, after over a Century of “stop and go’s,” correctly! You will see something very special at the Reflecting Pool in a short period of time. Stay tuned. In the meantime, watch as the Fountains open throughout D.C. Fountains go up, and Crime goes down! Also, watch for Lafayette Park, directly in front of the Main Entrance to the White House. I have made a major contribution toward it. The Fountains are now working, and look magnificent as the Park is being entirely rebuilt, using far better and more beautiful materials than originally used. As the Entrance to the White House, it’s got to be spectacular — There is no other way! Again, check out what’s going on at Lafayette Park. President DONALD J. TRUMP"
2026-05-20T18:01:15.059Z,116608209719201142,https://truthsocial.com/@realDonaldTrump/116608209719201142,no,
2026-05-20T17:20:50.991Z,116608050855663507,https://truthsocial.com/@realDonaldTrump/116608050855663507,no,
2026-05-20T17:20:21.325Z,116608048911096185,https://truthsocial.com/@realDonaldTrump/116608048911096185,no,
2026-05-20T17:20:11.517Z,116608048268375291,https://truthsocial.com/@realDonaldTrump/116608048268375291,no,
2026-05-20T15:13:52.696Z,116607551580410444,https://truthsocial.com/@realDonaldTrump/116607551580410444,no,"Shockingly, Republicans have kept the very important position of “Parliamentarian” in the hands of a woman, Elizabeth MacDonough, who was appointed, long ago, by Barack Hussein Obama and a vicious Lunatic known as Senator Harry Reid, who ran the Senate for the Dumocrats with an “iron fist.” Over the years, she has been brutal to Republicans, but not so to the Dumocrats — So why has she not been replaced? There are many fair people who would be qualified for that vital job. The Republicans play a very soft game compared to the Dumocrats. It is their single biggest disadvantage in politics. The Dumocrats cheat, lie, and steal, especially when it comes to Votes in Elections, but stick together, whereas the Republicans allow the Elizabeth MacDonoughs of the World to stay in power, and brutalize us. We need THE SAVE AMERICA ACT passed, and NOW — And, likewise, kill the Filibuster, which would give us everything! If we don’t pass at least one of these two provisions quickly, you will never see another Republican President again. The Dumocrats will end up with 2 additional States, D.C. and Puerto Rico, and all that entails, including 4 Senators, many Congressmen, and many additional Electoral Votes, and they will also get their dream of a packed United States Supreme Court with their most favorite number — 21 Justices. The Dumocrats will eliminate the Filibuster on the First Day that they get an opportunity to do so. The Republicans aren’t doing it because they say the Dumocrats will never do it, but the Republicans are WRONG. Get smart and tough Republicans, or you’ll all be looking for a job much sooner than you thought possible! President DONALD J. TRUMP"
2026-05-20T10:25:55.100Z,116606419274009481,https://truthsocial.com/@realDonaldTrump/116606419274009481,no,
2026-05-20T10:25:10.461Z,116606416348620098,https://truthsocial.com/@realDonaldTrump/116606416348620098,no,
2026-05-20T10:25:00.601Z,116606415702346240,https://truthsocial.com/@realDonaldTrump/116606415702346240,no,
2026-05-20T10:24:50.880Z,116606415065212643,https://truthsocial.com/@realDonaldTrump/116606415065212643,no,
2026-05-20T10:24:39.933Z,116606414347937770,https://truthsocial.com/@realDonaldTrump/116606414347937770,no,
2026-05-20T10:24:25.844Z,116606413424489167,https://truthsocial.com/@realDonaldTrump/116606413424489167,no,
2026-05-20T10:24:17.349Z,116606412867659049,https://truthsocial.com/@realDonaldTrump/116606412867659049,no,
2026-05-20T10:24:07.149Z,116606412199368024,https://truthsocial.com/@realDonaldTrump/116606412199368024,no,
2026-05-20T10:23:51.540Z,116606411176268809,https://truthsocial.com/@realDonaldTrump/116606411176268809,no,
2026-05-20T10:23:42.412Z,116606410578147975,https://truthsocial.com/@realDonaldTrump/116606410578147975,no,
2026-05-20T10:23:29.515Z,116606409732863194,https://truthsocial.com/@realDonaldTrump/116606409732863194,no,
2026-05-20T10:23:19.597Z,116606409082803810,https://truthsocial.com/@realDonaldTrump/116606409082803810,no,
2026-05-20T10:23:08.377Z,116606408347623369,https://truthsocial.com/@realDonaldTrump/116606408347623369,no,
2026-05-20T01:02:59.785Z,116604205774799651,https://truthsocial.com/@realDonaldTrump/116604205774799651,no,
2026-05-20T01:02:50.416Z,116604205160915746,https://truthsocial.com/@realDonaldTrump/116604205160915746,no,
2026-05-20T01:02:38.961Z,116604204410147362,https://truthsocial.com/@realDonaldTrump/116604204410147362,no,
2026-05-20T01:02:28.726Z,116604203739307861,https://truthsocial.com/@realDonaldTrump/116604203739307861,no,
2026-05-20T00:13:52.236Z,116604012604208556,https://truthsocial.com/@realDonaldTrump/116604012604208556,no,
2026-05-20T00:13:41.913Z,116604011927728051,https://truthsocial.com/@realDonaldTrump/116604011927728051,no,
2026-05-20T00:13:28.505Z,116604011049056115,https://truthsocial.com/@realDonaldTrump/116604011049056115,no,
2026-05-20T00:13:19.233Z,116604010441423057,https://truthsocial.com/@realDonaldTrump/116604010441423057,no,
2026-05-20T00:13:10.337Z,116604009858298215,https://truthsocial.com/@realDonaldTrump/116604009858298215,no,
2026-05-20T00:12:59.201Z,116604009128706700,https://truthsocial.com/@realDonaldTrump/116604009128706700,no,
2026-05-20T00:12:47.349Z,116604008351734703,https://truthsocial.com/@realDonaldTrump/116604008351734703,no,
2026-05-20T00:12:36.003Z,116604007608230161,https://truthsocial.com/@realDonaldTrump/116604007608230161,no,
2026-05-20T00:12:23.502Z,116604006789168961,https://truthsocial.com/@realDonaldTrump/116604006789168961,no,
2026-05-20T00:12:11.560Z,116604006006361204,https://truthsocial.com/@realDonaldTrump/116604006006361204,no,
2026-05-20T00:12:03.154Z,116604005455523018,https://truthsocial.com/@realDonaldTrump/116604005455523018,no,
2026-05-20T00:11:50.478Z,116604004624698839,https://truthsocial.com/@realDonaldTrump/116604004624698839,no,
2026-05-20T00:11:33.023Z,116604003480790259,https://truthsocial.com/@realDonaldTrump/116604003480790259,no,
2026-05-20T00:11:22.808Z,116604002811540263,https://truthsocial.com/@realDonaldTrump/116604002811540263,no,
2026-05-20T00:11:09.852Z,116604001962420435,https://truthsocial.com/@realDonaldTrump/116604001962420435,no,
2026-05-20T00:10:50.824Z,116604000715263340,https://truthsocial.com/@realDonaldTrump/116604000715263340,no,
2026-05-19T23:49:49.481Z,116603918051913311,https://truthsocial.com/@realDonaldTrump/116603918051913311,no,
2026-05-19T23:49:40.400Z,116603917456845947,https://truthsocial.com/@realDonaldTrump/116603917456845947,no,
2026-05-19T23:49:25.885Z,116603916505533012,https://truthsocial.com/@realDonaldTrump/116603916505533012,no,
2026-05-19T23:49:14.850Z,116603915782345370,https://truthsocial.com/@realDonaldTrump/116603915782345370,no,
2026-05-19T23:49:03.652Z,116603915048534941,https://truthsocial.com/@realDonaldTrump/116603915048534941,no,
2026-05-19T21:34:53.214Z,116603387456971704,https://truthsocial.com/@realDonaldTrump/116603387456971704,no,"I have long said that the horrific tragedy that beset East Palestine in 2023, along with Sleepy Joe Biden’s utterly incompetent response, must NEVER happen again. I quickly and strongly stood up for, and visited, the incredible Patriots of East Palestine, an action that forced Biden and FEMA, who had said they would not be sending Federal Aid to East Palestine, to “move” on sending a team. This was a major catastrophe during Biden’s presidency, which had many disasters, from letting the rest of the World empty out their prisons and mental asylums and flood our Great Country, to SURRENDERING Afghanistan. I am, therefore, strongly urging Congress to include the Railway Safety Act, which I strongly endorsed in 2023, in the Surface Transportation Reauthorization Bill. I am asking all Republicans to vote YES when this Bill comes up as an Amendment in the Transportation Committee this week. We must not delay any further on this very important matter! President DONALD J. TRUMP"
2026-05-19T20:56:28.266Z,116603236399876536,https://truthsocial.com/@realDonaldTrump/116603236399876536,no,"Can you imagine “Congressman” Thomas Massie putting out a many years ago Endorsement of him, by me, when he knows that he wasn’t endorsed, but that I proudly endorsed Ed Gallrein? The reason is that Massie has turned out to be the Worst Congressman in the Republican Party. This shows what a totally dishonest and desperate guy Massie is, and I hope the Voters aren’t fooled by his deception! President DONALD J. TRUMP"
2026-05-19T19:46:20.918Z,116602960667085780,https://truthsocial.com/@realDonaldTrump/116602960667085780,no,"Horrible Congressman Thomas Massie put out an old Endorsement, from many years ago, of him by me long before I found out that he was the Worst Congressman in the History of our Country. I endorsed Ed Gallrein, a true American Patriot, which Massie knows full well, so the statement that he put out is fraudulent, just like HE is fraudulent. WITHDRAW YOUR FAKE STATEMENT, MASSIE, RIGHT NOW! President DONALD J. TRUMP"
2026-05-19T16:30:52.969Z,116602192066577324,https://truthsocial.com/@realDonaldTrump/116602192066577324,no,"The Highly Respected Attorney General of Texas, Ken Paxton, an America First Patriot, and someone who has always been extremely loyal to me and our AMAZING MAGA MOVEMENT, is running for the United States Senate, to represent a place I love and WON, BIG, three times, with 6.4 Million Votes in 2024 (The Most Votes in the History of the State, BY FAR)!I know Ken well, have seen him tested at the highest and most difficult levels, and he is a WINNER! Ken is a Strong Supporter of TERMINATING THE FILIBUSTER and, very importantly, THE SAVE AMERICA ACT, something which polls at 87%, including Dumocrats, and yet can’t seem to get approved. Perhaps Ken can help move these important elements of Government forward because with the Filibuster, as an example, the Democrats will terminate it on their First Day in Office, giving us two extra States, D.C. and Puerto Rico, and a greatly enlarged Supreme Court of the United States, probably going with their Dream Number of 21 Justices from the 9 that we currently have — And these new Justices will be Radical Left Lunatics! Two years ago, our Country was DEAD — Now we have the “HOTTEST” Country anywhere in the World — And I want to keep it that way. Ken Paxton will help me do that, MAKING AMERICA BIGGER, BETTER, AND STRONGER THAN EVER BEFORE!Ken is a true MAGA Warrior who has ALWAYS delivered for Texas, and will continue to do so in the United States Senate. He will tirelessly fight to continue the Great Growth of our Economy, Cut Taxes and Regulations (I just delivered the Largest Tax and Regulation Cuts in American History!), and Advance MADE IN THE U.S.A., Unleash American Energy DOMINANCE, Champion Texas Oil & Gas, Advocate for our Amazing Farmers and Ranchers, Promote School Choice, Keep our Border SECURE, Stop Migrant Crime, Support our Incredible Military/Veterans, Safeguard our Elections, and Protect our always under siege Second Amendment.John Cornyn is a good man, and I worked well with him, but he was not supportive of me when times were tough and, despite having the Most Successful Economy in the History of our Country during my First Term and, with all of the many other things that I accomplished (Secure Border, Military Dominance, Space Force, All Time High Stock Markets and 401(k)s, Record Job and Economic Growth, and so many other things that would be impossible to readily list!), which are considered by many to be legendary, John was very late in backing me in what turned out to be a Historic Run for the Republican Nomination, and then, the Presidency, itself, both of which were Landslide Victories and, more importantly, gave us the Country that we have today — THE GOLDEN AGE OF AMERICA (and when we finish up with Iran, which will not be allowed to have a Nuclear Weapon, you will see numbers that have never been generated by our Country before!), as opposed to the DISASTER of the previous Administration.Ken Paxton has gone through a lot, in many cases, very unfairly, but he is a Fighter, and knows how to WIN. Our Country needs Fighters, and also Loyalty to the Cause of Greatness. We can never allow what happened to the United States of America during the Corrupt Biden Administration, to happen again. In Texas alone, just look at the Border, with the Highest Level Criminals allowed to run through your State, totally unvetted and unchecked, through an Open Border Policy that was a Laughingstock all over the World. I came in, and fixed it, IMMEDIATELY. I will not permit those dark and dangerous days to come back! WE HAVE ALREADY MADE AMERICA GREAT AGAIN, BUT NOW, WE WANT TO MAKE OUR NATION BETTER THAN EVER BEFORE. Therefore, Ken Paxton has my Complete and Total Endorsement to be the next United States Senator from the Great State of Texas – KEN PAXTON WILL NEVER LET YOU DOWN!DONALD J. TRUMP, PRESIDENT OF THE UNITED STATES OF AMERICA"
2026-05-19T15:28:03.410Z,116601945025061918,https://truthsocial.com/@realDonaldTrump/116601945025061918,yes,"RT @realDonaldTrumpTom Massie of Kentucky, the worst and most unreliable Republican Congressman in the history of our Country, is an even bigger insult to our Nation than Senator Bill Cassidy of Louisiana, who suffered an unprecedented loss tonight by not even being allowed to run in the Republican Primary. This is the first time such a thing has ever happened to a sitting U.S. Senator! That’s what you get by voting to Impeach an innocent man, especially one who made it possible for Cassidy’s Senate win. Very disloyal, but Tom Massie, a major Sleazebag, is even worse! Kentucky, get this LOSER out of politics in Tuesday’s Election. He is nicknamed Rand Paul Jr., another real “beauty,” because of his absolutely terrible voting habits. Vote for Ed Gallrein, a successful Kentucky farmer, and American War Hero, who only ran because he thought that Massie was so disloyal and disrespectful to your President, ME! This is a great man, Central Casting, in fact, who truly deserves to represent the fantastic people of Kentucky, a Commonwealth that I am proud to have won all three times, in record fashion!  ED WILL NEVER LET YOU DOWN. MAKE AMERICA GREAT AGAIN! President DONALD J. TRUMP"
2026-05-19T15:27:55.145Z,116601944483216097,https://truthsocial.com/@realDonaldTrump/116601944483216097,yes,"RT @realDonaldTrumpBad Congressman Tom Massie voted against Tax Cuts, the Border Wall, our Military and Law Enforcement. Actually, he voted against almost everything that is good. The Worst Republican Congressman in History. Kentucky, vote the bum out on Tuesday. We can’t live with this troublemaker for another two years. He is a true negative force!!! President DJT"
2026-05-19T15:27:51.345Z,116601944234027753,https://truthsocial.com/@realDonaldTrump/116601944234027753,yes,"RT @realDonaldTrumpThe worst Congressman in the long and storied history of the Republican Party, is Thomas Massie. He is an obstructionist and a fool. Vote him out of office tomorrow, Tuesday. It will be a great day for America! President DJT"
2026-05-19T15:27:42.377Z,116601943646377360,https://truthsocial.com/@realDonaldTrump/116601943646377360,yes,"RT @realDonaldTrumpThird Rate Congressman Thomas Massie, a Weak and Pathetic RINO from the Great Commonwealth of Kentucky, a place I love, and won big SIX TIMES, including all Primaries, must be thrown out of office, ASAP! He is the Worst “Republican” Congressman in History, voting against Tax Cuts, the Wall, Law Enforcement, and in favor of the Transgender Mutilization of our Children, Men playing in Women’s Sports, and so many more horrible things. The incredible people of Kentucky’s 4th Congressional District gave us a mandate to, MAKE AMERICA GREAT AGAIN, and the person that will help us do that is Navy SEAL, Army Ranger, and Fifth Generation Kentucky Farmer, Captain Ed Gallrein, a true America First Patriot.   A Brave Combat Veteran, Ed knows the Wisdom and Courage required to Defend our Country, Support our Military/Veterans, and Ensure PEACE THROUGH STRENGTH. Additionally, as a very successful Businessman, Ed knows how to Create GREAT Jobs, Cut Taxes and Regulations, Promote MADE IN THE U.S.A., Support our Amazing Farmers and American Agriculture, Unleash American Energy Dominance, and Champion our Nation’s Golden Age. In Congress, he will fight tirelessly to Keep our Border SECURE, Stop Migrant Crime, and Defend our always under siege Second Amendment.   The Great People of Kentucky are wise to Massie — He only votes against the Republican Party, making life very easy for the Radical Left. Unlike “lightweight” Massie, a totally ineffective LOSER who has failed us so badly, CAPTAIN ED GALLREIN IS A WINNER WHO WILL NOT LET YOU DOWN. Election Day is Tuesday, May 19th. VOTE FOR ED GALLREIN — HE HAS MY COMPLETE AND TOTAL ENDORSEMENT. MAKE AMERICA GREAT AGAIN! President DONALD J. TRUMP   Find your Voting Location here: https://swampthevoteusa.com/kentucky/"
2026-05-19T15:26:50.469Z,116601940244807949,https://truthsocial.com/@realDonaldTrump/116601940244807949,yes,RT @LauraLoomerEXCLUSIVE INTERVIEW: Thomas Massie's Ex-Girlfriend And Former Congressional Staffer Cynthia West Tells Allhttps://rumble.com/v7a1820-exclusive-interview-thomas-massies-ex-girlfriend-and-former-congressional-s.html
2026-05-19T12:49:09.153Z,116601320183465625,https://truthsocial.com/@realDonaldTrump/116601320183465625,no,
2026-05-19T02:25:45.113Z,116598868876480995,https://truthsocial.com/@realDonaldTrump/116598868876480995,yes,RT @realDonaldTrumpThank you to Great Patriot Salena Zito for this wonderful article! President DONALD J. TRUMP https://www.washingtonexaminer.com/opinion/4556928/experts-miss-trumps-enduring-presence-in-american-politics-in-indiana-races/
2026-05-19T02:25:06.780Z,116598866352233340,https://truthsocial.com/@realDonaldTrump/116598866352233340,no,RT: https://truthsocial.com/users/realDonaldTrump/statuses/116598864907030187
2026-05-19T02:24:44.668Z,116598864907030187,https://truthsocial.com/@realDonaldTrump/116598864907030187,no,
2026-05-19T01:52:56.872Z,116598739883570394,https://truthsocial.com/@realDonaldTrump/116598739883570394,no,Thank you to Great Patriot Salena Zito for this wonderful article! President DONALD J. TRUMP https://www.washingtonexaminer.com/opinion/4556928/experts-miss-trumps-enduring-presence-in-american-politics-in-indiana-races/
2026-05-19T01:08:54.426Z,116598566704332049,https://truthsocial.com/@realDonaldTrump/116598566704332049,no,Small Water Area Test at The Reflecting Pool looking at The Lincoln Memorial! President DONALD J. TRUMP
2026-05-18T23:57:06.303Z,116598284369096086,https://truthsocial.com/@realDonaldTrump/116598284369096086,no,
2026-05-18T23:31:08.264Z,116598182261395364,https://truthsocial.com/@realDonaldTrump/116598182261395364,no,
2026-05-18T23:26:50.217Z,116598165350183733,https://truthsocial.com/@realDonaldTrump/116598165350183733,no,
2026-05-18T23:24:58.022Z,116598157997372799,https://truthsocial.com/@realDonaldTrump/116598157997372799,no,
2026-05-18T23:24:16.820Z,116598155297098066,https://truthsocial.com/@realDonaldTrump/116598155297098066,no,
2026-05-18T23:23:43.019Z,116598153081743681,https://truthsocial.com/@realDonaldTrump/116598153081743681,no,
2026-05-18T23:22:40.371Z,116598148976240278,https://truthsocial.com/@realDonaldTrump/116598148976240278,no,
2026-05-18T20:04:16.522Z,116597368849997374,https://truthsocial.com/@realDonaldTrump/116597368849997374,no,
2026-05-18T20:02:59.912Z,116597363829059035,https://truthsocial.com/@realDonaldTrump/116597363829059035,yes,"RT @realDonaldTrumpIn Maryland, they sent out 500,000 Illegal Mail In Ballots, and they got caught! So now, they’re going to send out 500,000 more Mail In Ballots, but nobody knows what’s happening with the first 500,000 they sent. In addition, many of these Ballots went to Democrats, so any Republican running in Maryland doesn’t have a chance! This was done by the Corrupt Governor of the State, Wes Moore. He allowed this to happen in order to make sure that Democrats win. It never made sense to me that Maryland was considered an automatic Democrat State, but now I see why. I’m sure this has gone on for years. I’m going to ask the Attorney General of the United States, and the DOJ, to bring an immediate investigation into this situation. President DONALD J. TRUMP"
2026-05-18T20:02:49.428Z,116597363142207992,https://truthsocial.com/@realDonaldTrump/116597363142207992,yes,"RT @realDonaldTrumpI have been asked by the Emir of Qatar, Tamim bin Hamad Al Thani, the Crown Prince of Saudi Arabia, Mohammed bin Salman Al Saud, and the President of the United Arab Emirates, Mohamed bin Zayed Al Nahyan, to hold off on our planned Military attack of the Islamic Republic of Iran, which was scheduled for tomorrow, in that serious negotiations are now taking place, and that, in their opinion, as Great Leaders and Allies, a Deal will be made, which will be very acceptable to the United States of America, as well as all Countries in the Middle East, and beyond. This Deal will include, importantly, NO NUCLEAR WEAPONS FOR IRAN! Based on my respect for the above mentioned Leaders, I have instructed Secretary of War, Pete Hegseth, The Chairman of The Joint Chiefs of Staff, General Daniel Caine, and The United States Military, that we will NOT be doing the scheduled attack of Iran tomorrow, but have further instructed them to be prepared to go forward with a full, large scale assault of Iran, on a moment’s notice, in the event that an acceptable Deal is not reached. Thank you for your attention to this matter! President DONALD J. TRUMP"
2026-05-18T19:44:40.663Z,116597291788723732,https://truthsocial.com/@realDonaldTrump/116597291788723732,no,"Congressman Mike Simpson is a Fantastic Advocate for Idaho’s 2nd Congressional District!   Mike served as the Highly Respected Speaker of the Idaho House of Representatives, prior to becoming a very distinguished U.S. Congressman. In Congress, he is fighting tirelessly to Grow our Economy, Cut Taxes and Regulations, Promote our Amazing Farmers and Ranchers, Advance MADE IN THE U.S.A., Champion American Energy DOMINANCE, Keep our now very Secure Border, SECURE, Stop Migrant Crime, Ensure LAW AND ORDER, Strengthen our Great Military/Veterans, and Defend our always under siege Second Amendment.   Mike Simpson has my Complete and Total Endorsement for Re-Election. Election Day is Tuesday, May 19th. GET OUT AND VOTE FOR MIKE — HE WILL NEVER LET YOU DOWN!   Find your Voting Location here: https://swampthevoteusa.com/idaho/"
2026-05-18T19:44:25.677Z,116597290806570176,https://truthsocial.com/@realDonaldTrump/116597290806570176,no,"Congressman Rick Allen is an incredible Representative of Georgia’s 12th Congressional District!   As a Member of the POWERFUL House Energy and Commerce Committee, Rick is working tirelessly to Promote MADE IN THE U.S.A., Advance American Energy DOMINANCE, Create GREAT Jobs, Cut Taxes and Regulations, and Champion our Nation’s Golden Age. He is also relentlessly focused on helping us Keep our Border SECURE, Stop Migrant Crime, Support our Brave Military/Veterans, Ensure LAW AND ORDER, and Protect our always under siege Second Amendment.   Rick Allen has my Complete and Total Endorsement for Re-Election. Election Day is Tuesday, May 19th. GET OUT AND VOTE FOR RICK — HE WILL NEVER LET YOU DOWN!   Find your Voting Location here: https://swampthevoteusa.com/georgia/"
2026-05-18T19:42:20.256Z,116597282587201743,https://truthsocial.com/@realDonaldTrump/116597282587201743,no,"In Maryland, they sent out 500,000 Illegal Mail In Ballots, and they got caught! So now, they’re going to send out 500,000 more Mail In Ballots, but nobody knows what’s happening with the first 500,000 they sent. In addition, many of these Ballots went to Democrats, so any Republican running in Maryland doesn’t have a chance! This was done by the Corrupt Governor of the State, Wes Moore. He allowed this to happen in order to make sure that Democrats win. It never made sense to me that Maryland was considered an automatic Democrat State, but now I see why. I’m sure this has gone on for years. I’m going to ask the Attorney General of the United States, and the DOJ, to bring an immediate investigation into this situation. President DONALD J. TRUMP"
2026-05-18T19:01:25.316Z,116597121700043134,https://truthsocial.com/@realDonaldTrump/116597121700043134,no,"I have been asked by the Emir of Qatar, Tamim bin Hamad Al Thani, the Crown Prince of Saudi Arabia, Mohammed bin Salman Al Saud, and the President of the United Arab Emirates, Mohamed bin Zayed Al Nahyan, to hold off on our planned Military attack of the Islamic Republic of Iran, which was scheduled for tomorrow, in that serious negotiations are now taking place, and that, in their opinion, as Great Leaders and Allies, a Deal will be made, which will be very acceptable to the United States of America, as well as all Countries in the Middle East, and beyond. This Deal will include, importantly, NO NUCLEAR WEAPONS FOR IRAN! Based on my respect for the above mentioned Leaders, I have instructed Secretary of War, Pete Hegseth, The Chairman of The Joint Chiefs of Staff, General Daniel Caine, and The United States Military, that we will NOT be doing the scheduled attack of Iran tomorrow, but have further instructed them to be prepared to go forward with a full, large scale assault of Iran, on a moment’s notice, in the event that an acceptable Deal is not reached. Thank you for your attention to this matter! President DONALD J. TRUMP"
2026-05-18T18:10:01.614Z,116596919606833613,https://truthsocial.com/@realDonaldTrump/116596919606833613,no,"Congressman Mike Kelly, who has been with us from the very beginning, is a Tremendous Champion of Pennsylvania’s 16th Congressional District!   As a Senior Member of the POWERFUL House Ways & Means Committee, Mike understands the America First Policies required to Create GREAT Jobs, Cut Taxes and Regulations, Advance American Energy DOMINANCE, Promote MADE IN THE U.S.A., and Champion our Nation’s Golden Age. He is fighting tirelessly to Keep our Border SECURE, Stop Migrant Crime, Strengthen our Military/Veterans, Defend our always under siege Second Amendment, and Advocate for the Working Men and Women of Pennsylvania.   Mike Kelly has my Complete and Total Endorsement for Re-Election. Election Day is Tuesday, May 19th. GET OUT AND VOTE FOR MIKE — HE WILL NEVER LET YOU DOWN!   Find your Voting Location here: https://swampthevoteusa.com/pennsylvania/"
2026-05-18T18:09:44.144Z,116596918461615816,https://truthsocial.com/@realDonaldTrump/116596918461615816,no,"Congressman Glenn “GT” Thompson is a Tremendous Champion for Pennsylvania’s 15th Congressional District!   As Chairman of the House Agriculture Committee, GT is a strong and effective voice for American Agriculture, and our amazing Farmers and Ranchers. In Congress, he is fighting tirelessly to Grow our Economy, Cut Taxes and Regulations, Promote MADE IN THE U.S.A., Champion American Energy DOMINANCE, Keep our Border SECURE, Stop Migrant Crime, Strengthen our Military/Veterans, and Defend our always under siege Second Amendment.   GT Thompson has my Complete and Total Endorsement for Re-Election. Election Day is Tuesday, May 19th. GET OUT AND VOTE FOR “GT” — HE WILL NEVER LET YOU DOWN!   Find your Voting Location here: https://swampthevoteusa.com/pennsylvania/"
2026-05-18T18:08:55.619Z,116596915281576526,https://truthsocial.com/@realDonaldTrump/116596915281576526,no,"Congressman Guy Reschenthaler is doing an incredible job representing Pennsylvania’s 14th Congressional District!   As the Chief Deputy Whip, Guy is working closely with me to Advance our America First Agenda. He is fighting hard to Keep our Border SECURE, Stop Migrant Crime, Grow the Economy, Cut Taxes and Regulations, Unleash American Energy DOMINANCE, Support our Military/Veterans, Promote MADE IN THE U.S.A., and Defend our always under siege Second Amendment.   Guy Reschenthaler has my Complete and Total Endorsement for Re-Election. Election Day is Tuesday, May 19th. GET OUT AND VOTE FOR GUY — HE WILL NEVER LET YOU DOWN!   Find your Voting Location here: https://swampthevoteusa.com/pennsylvania/"
2026-05-18T18:07:19.017Z,116596908950858501,https://truthsocial.com/@realDonaldTrump/116596908950858501,no,"Congressman John Joyce is a fantastic Champion for Pennsylvania’s 13th Congressional District!   An Original Member of my Pennsylvania Federal Leadership Team, John is fighting hard in Congress to Grow the Economy, Keep our Border SECURE, Stop Migrant Crime, Unleash American Energy, Support our Military/Veterans, Defend our always under siege Second Amendment, and Ensure PEACE THROUGH STRENGTH.   John Joyce has my Complete and Total Endorsement for Re-Election. Election Day is Tuesday, May 19th. GET OUT AND VOTE FOR JOHN — HE WILL NEVER LET YOU DOWN!   Find your Voting Location here: https://swampthevoteusa.com/pennsylvania/"
2026-05-18T18:06:30.397Z,116596905764472591,https://truthsocial.com/@realDonaldTrump/116596905764472591,no,"Congressman Lloyd Smucker is a terrific Representative for the wonderful people of Pennsylvania’s 11th Congressional District!   A Proven Leader, Lloyd served as a Highly Respected State Senator and Businessman, prior to becoming a very distinguished U.S. Congressman. In Congress, he is fighting tirelessly to Champion our Amazing Farmers and Ranchers, Grow our Economy, Cut Taxes and Regulations, Advance American Energy DOMINANCE, Promote MADE IN THE U.S.A., Keep our Border SECURE, Stop Migrant Crime, Advocate for our Great Military/Veterans, and Defend our always under siege Second Amendment.   Lloyd Smucker has my Complete and Total Endorsement for Re-Election. Election Day is Tuesday, May 19th. GET OUT AND VOTE FOR LLOYD — HE WILL NEVER LET YOU DOWN!   Find your Voting Location here: https://swampthevoteusa.com/pennsylvania/"
2026-05-18T18:06:11.993Z,116596904558108860,https://truthsocial.com/@realDonaldTrump/116596904558108860,no,"Congressman Scott Perry is a tremendous Representative for the Great People of Pennsylvania’s 10th Congressional District!   A retired Army Brigadier General, Scott is a MAGA Warrior, who always puts AMERICA FIRST. Scott is working tirelessly with me to Keep our Border SECURE, Stop Migrant Crime, Grow our Economy, Strengthen our Military and Veterans, Uphold the Rule of Law, Protect our always under siege Second Amendment, and Ensure PEACE THROUGH STRENGTH.   An Original Member of my Pennsylvania Federal Leadership Team, Scott Perry has my Complete and Total Endorsement for Re-Election. Election Day is Tuesday, May 19th. GET OUT AND VOTE FOR SCOTT — HE WILL NEVER LET YOU DOWN!   Find your Voting Location here: https://swampthevoteusa.com/pennsylvania/"
2026-05-18T18:04:15.524Z,116596896925470225,https://truthsocial.com/@realDonaldTrump/116596896925470225,no,"Congressman Dan Meuser is an America First Patriot who is doing an incredible job representing Pennsylvania’s 9th Congressional District!   A very successful Businessman, former Secretary of Revenue of Pennsylvania, and now, as U.S. Congressman, Dan has strongly served his Community with a career “loaded up” with accolades and wins. In Congress, he is working hard to Grow our Economy, Cut Taxes and Regulations, Promote MADE IN THE U.S.A., Champion American Energy DOMINANCE, Keep our Border, SECURE Stop Migrant Crime, Strengthen our Military/Veterans, and Protect our always under siege Second Amendment.   Dan Meuser has my Complete and Total Endorsement for Re-Election. Election Day is Tuesday, May 19th. GET OUT AND VOTE FOR DAN — HE WILL NEVER LET YOU DOWN!   Find your Voting Location here: https://swampthevoteusa.com/pennsylvania/"
2026-05-18T18:02:29.570Z,116596889981654017,https://truthsocial.com/@realDonaldTrump/116596889981654017,no,"Congressman Rob Bresnahan is a terrific Representative of Pennsylvania’s 8th Congressional District!   A Highly Successful Businessman, Rob is working hard to Create Jobs, Cut Taxes and Regulations, and Unleash the American Dream. In Congress, Rob is fighting tirelessly to Keep our Border SECURE, Stop Migrant Crime, Strengthen our Military, Support our Veterans, and Protect our always under siege Second Amendment.   Rob Bresnahan has my Complete and Total Endorsement for Re-Election. Election Day is Tuesday, May 19th. GET OUT AND VOTE FOR ROB — HE WILL NEVER LET YOU DOWN!   Find your Voting Location here: https://swampthevoteusa.com/pennsylvania/"
2026-05-18T18:02:02.065Z,116596888179070875,https://truthsocial.com/@realDonaldTrump/116596888179070875,no,"Congressman Ryan Mackenzie is an America First Patriot, who is doing an incredible job representing the Great People of Pennsylvania’s 7th Congressional District!   In Congress, Ryan is fighting tirelessly to Grow the Economy, Create Jobs, Cut Taxes and Regulations, Keep our Border SECURE, Stop Migrant Crime, Support our Incredible Military/Vets, Champion American Energy DOMINANCE, and Protect our always under siege Second Amendment.   Ryan Mackenzie has my Complete and Total Endorsement for Re-Election. Election Day is Tuesday, May 19th. GET OUT AND VOTE FOR RYAN — HE WILL NEVER LET YOU DOWN!   Find your Voting Location here: https://swampthevoteusa.com/pennsylvania/"
2026-05-18T18:01:39.525Z,116596886701876953,https://truthsocial.com/@realDonaldTrump/116596886701876953,no,"Highly Respected and very popular State Treasurer, Stacy Garrity, is running to be the next Governor of the GREAT Commonwealth of Pennsylvania, a very special place to me in that we had a LANDSLIDE Presidential Election Win on November 5, 2024!   A successful Businesswoman, retired U.S. Army Reserve Colonel, and now, as State Treasurer, Stacy is a true America First Patriot, who has been with me from the beginning. As your next Governor, Stacy will work tirelessly to Grow the Economy, Cut Taxes and Regulations, Promote MADE IN THE U.S.A., Champion American Energy DOMINANCE, Strengthen our Military/Veterans, Keep our Border SECURE, Ensure LAW AND ORDER, Safeguard our Elections, and Defend our always under siege Second Amendment.   Stacy Garrity has my Complete and Total Endorsement to be the next Governor of Pennsylvania. Election Day is Tuesday, May 19th. GET OUT AND VOTE FOR STACY — SHE WILL NEVER LET YOU DOWN!   Find your Voting Location here: https://swampthevoteusa.com/pennsylvania/"
2026-05-18T18:01:01.785Z,116596884228601762,https://truthsocial.com/@realDonaldTrump/116596884228601762,no,"Congressman Cliff Bentz is a Tremendous Champion for Oregon’s 2nd Congressional District!   A Proven Leader, Cliff has served his Community well as a Highly Respected State Legislator, Chair of the Oregon Water Resources Commission, and Attorney, prior to becoming a very distinguished U.S. Congressman. He is fighting tirelessly to Grow our Economy, Cut Taxes and Regulations, Promote MADE IN THE U.S.A., Champion American Energy DOMINANCE, Keep our Border SECURE, Stop Migrant Crime, Strengthen our Incredible Military/Veterans, and Defend our always under siege Second Amendment.   Cliff Bentz has my Complete and Total Endorsement for Re-Election. Election Day is Tuesday, May 19th. GET OUT AND VOTE FOR CLIFF — HE WILL NEVER LET YOU DOWN!   Find your Voting Location here: https://swampthevoteusa.com/oregon/"
2026-05-18T18:00:39.461Z,116596882765269968,https://truthsocial.com/@realDonaldTrump/116596882765269968,no,"It is my Great Honor to endorse America First Patriot, Ralph Alvarado, M.D., who is running to represent the incredible people of Kentucky’s 6th Congressional District.   A true friend to MAGA, Ralph was a featured Speaker at the 2016 Republican National Convention, and a Member of the National Hispanic Advisory Council for “TRUMP” – RALPH HAS BEEN WITH US FROM THE VERY BEGINNING! A very successful Family Physician, and former Kentucky State Senator, Ralph has dedicated his life to serving his Community. As your next Congressman, Ralph will fight tirelessly to Grow the Economy, Promote our Amazing Farmers and Ranchers, Advance American Energy DOMINANCE, Cut Taxes and Regulations, Promote MADE IN THE U.S.A., Keep our Border SECURE, Stop Migrant Crime, Support our Brave Military/Veterans, and Protect our always under siege Second Amendment.   Dr. Ralph Alvarado has my Complete and Total Endorsement to be the next Representative from Kentucky’s 6th Congressional District. Election Day is Tuesday, May 19th. GET OUT AND VOTE FOR RALPH — HE WILL NEVER LET YOU DOWN!   Find your Voting Location here: https://swampthevoteusa.com/kentucky/"
2026-05-18T18:00:15.024Z,116596881163776390,https://truthsocial.com/@realDonaldTrump/116596881163776390,no,"Congressman Hal Rogers is an incredibly strong advocate for the wonderful people of Kentucky’s 5th Congressional District!   The Dean of the U.S. House, Hal has never stopped fighting for the Working Men and Women of Kentucky’s Appalachian region. In Congress, Hal is working tirelessly to Grow our Economy, Cut Taxes and Regulations, Promote MADE IN THE U.S.A., Ensure American Energy DOMINANCE, Keep our Border SECURE, Stop Migrant Crime, Strengthen our Great Military/Veterans, and Defend our always under siege Second Amendment.   Hal Rogers has my Complete and Total Endorsement for Re-Election. Election Day is Tuesday, May 19th. GET OUT AND VOTE FOR HAL — HE WILL NEVER LET YOU DOWN!   Find your Voting Location here: https://swampthevoteusa.com/kentucky/"
2026-05-18T17:59:57.784Z,116596880033987241,https://truthsocial.com/@realDonaldTrump/116596880033987241,no,"Third Rate Congressman Thomas Massie, a Weak and Pathetic RINO from the Great Commonwealth of Kentucky, a place I love, and won big SIX TIMES, including all Primaries, must be thrown out of office, ASAP! He is the Worst “Republican” Congressman in History, voting against Tax Cuts, the Wall, Law Enforcement, and in favor of the Transgender Mutilization of our Children, Men playing in Women’s Sports, and so many more horrible things. The incredible people of Kentucky’s 4th Congressional District gave us a mandate to, MAKE AMERICA GREAT AGAIN, and the person that will help us do that is Navy SEAL, Army Ranger, and Fifth Generation Kentucky Farmer, Captain Ed Gallrein, a true America First Patriot.   A Brave Combat Veteran, Ed knows the Wisdom and Courage required to Defend our Country, Support our Military/Veterans, and Ensure PEACE THROUGH STRENGTH. Additionally, as a very successful Businessman, Ed knows how to Create GREAT Jobs, Cut Taxes and Regulations, Promote MADE IN THE U.S.A., Support our Amazing Farmers and American Agriculture, Unleash American Energy Dominance, and Champion our Nation’s Golden Age. In Congress, he will fight tirelessly to Keep our Border SECURE, Stop Migrant Crime, and Defend our always under siege Second Amendment.   The Great People of Kentucky are wise to Massie — He only votes against the Republican Party, making life very easy for the Radical Left. Unlike “lightweight” Massie, a totally ineffective LOSER who has failed us so badly, CAPTAIN ED GALLREIN IS A WINNER WHO WILL NOT LET YOU DOWN. Election Day is Tuesday, May 19th. VOTE FOR ED GALLREIN — HE HAS MY COMPLETE AND TOTAL ENDORSEMENT. MAKE AMERICA GREAT AGAIN! President DONALD J. TRUMP   Find your Voting Location here: https://swampthevoteusa.com/kentucky/"
2026-05-18T17:59:29.192Z,116596878160158798,https://truthsocial.com/@realDonaldTrump/116596878160158798,no,"Congressman Brett Guthrie is a Tremendous Champion for Kentucky’s 2nd Congressional District!   As the Chairman of the House Energy and Commerce Committee, Brett is working tirelessly to Advance American Energy DOMINANCE, Create GREAT Jobs, Cut Taxes and Regulations, Promote MADE IN THE U.S.A., and Champion our Nation’s Golden Age. A West Point Graduate and U.S. Army Veteran, Brett knows the Wisdom and Courage required to Defend our Country, Support our Brave Military/Veterans, and Ensure PEACE THROUGH STRENGTH. He is also relentlessly focused on helping us Keep our Border SECURE, Stop Migrant Crime, and Protect our always under siege Second Amendment.   Brett Guthrie has my Complete and Total Endorsement for Re-Election. Election Day is Tuesday, May 19th. GET OUT AND VOTE FOR BRETT — HE WILL NEVER LET YOU DOWN!   Find your Voting Location here: https://swampthevoteusa.com/kentucky/"
2026-05-18T17:59:14.255Z,116596877181238370,https://truthsocial.com/@realDonaldTrump/116596877181238370,no,"Congressman James Comer is a fantastic Representative for the Great People of Kentucky’s 1st Congressional District!   As the Chairman of the House Oversight Committee, James is fighting tirelessly to hold the Radical Left Accountable for their Blatant Corruption, and the Death and Destruction they unleashed on our Country. He will never stop working to restore JUSTICE IN AMERICA. A true America First Patriot, James is also relentlessly focused on helping us Keep our Border SECURE, Stop Migrant Crime, Grow our Economy, Cut Taxes and Regulations, Promote MADE IN THE U.S.A., Champion American Energy DOMINANCE, Support our incredible Military/Veterans, and Defend our always under siege Second Amendment.   James Comer has my Complete and Total Endorsement for Re-Election. Election Day is Tuesday, May 19th. GET OUT AND VOTE FOR JAMES — HE WILL NEVER LET YOU DOWN!   Find your Voting Location here: https://swampthevoteusa.com/kentucky/"
2026-05-18T17:58:54.568Z,116596875891253854,https://truthsocial.com/@realDonaldTrump/116596875891253854,no,"Proven Political Winner Andy Barr is running for the United States Senate in the Great Commonwealth of Kentucky, a place I love and WON BIG, six times, including Primaries, in 2016, 2020, and 2024!   I know Andy well, and he is always a Vote we can count on because he knows what it takes to GET THINGS DONE and, MAKE AMERICA GREAT AGAIN! I Endorsed Andy years ago, in his first Race, and all others, for Congress, and he never let me down — He is a 100% solid American Patriot! Andy Barr is a Strong Supporter of TERMINATING THE FILIBUSTER, before the Democrats do it (which they will, on Day One, if they get control of the U.S. Senate!). He will do everything in his power to get it done. It is desperately needed by the Republican Party to pass the SAVE AMERICA ACT, and all other things necessary for a strong and brilliant Country! In the Senate, Andy will fight tirelessly to Grow our Economy, Cut Taxes and Regulations, Champion the Interests of our Amazing Farmers and Ranchers, Promote MADE IN THE U.S.A., Unleash American Energy DOMINANCE, Keep our Border SECURE, Stop Migrant Crime, Strengthen our Military/Veterans, Safeguard our Elections, and Defend our always under siege Second Amendment.   Andy is the only Candidate who will easily defeat the Democrat in what will be one of the most important Elections in American History. He will help ensure Victory against these Radical Left, Country Destroying, THUGS. Andy Barr has my Complete and Total Endorsement to be the next United States Senator from Kentucky. Election Day is Tuesday, May 19th. GET OUT AND VOTE FOR ANDY — HE WILL NEVER LET YOU DOWN!   Find your Voting Location here: https://swampthevoteusa.com/kentucky/"
2026-05-18T17:37:01.651Z,116596789847728321,https://truthsocial.com/@realDonaldTrump/116596789847728321,no,"Congressman Russ Fulcher is a Tremendous Champion for Idaho’s 1st Congressional District!   A Fourth Generation Idahoan, Russ served as a State Senator for 10 years prior to becoming a very distinguished and respected U.S. Congressman. He is fighting tirelessly to Grow our Economy, Cut Taxes and Regulations, Promote MADE IN THE U.S.A., Champion American Energy DOMINANCE, Keep our Border SECURE, Stop Migrant Crime, Support our Amazing Farmers and Ranchers, Strengthen our Incredible Military/Veterans, and Protect our always under siege Second Amendment.   Russ Fulcher has my Complete and Total Endorsement for Re-Election. Election Day is Tuesday, May 19th. GET OUT AND VOTE FOR RUSS — HE WILL NEVER LET YOU DOWN!   Find your Voting Location here: https://swampthevoteusa.com/idaho/"
2026-05-18T17:36:42.675Z,116596788604142327,https://truthsocial.com/@realDonaldTrump/116596788604142327,no,"Scott Bedke has been a tremendous Lieutenant Governor of Idaho, a place I love and WON BIG in 2016, 2020, and 2024!   A very successful Businessman, Cattle Rancher, and Highly Respected Speaker of the Idaho House, prior to becoming a very distinguished Lieutenant Governor, working with the wonderful Governor, Brad Little, and outstanding Senator, Jim Risch, Scott has dedicated his life to serving his Community. Scott is fighting tirelessly to Grow our Economy, Cut Taxes and Regulations, Promote MADE IN THE U.S.A., Unleash American Energy DOMINANCE, Keep our Border SECURE, Stop Migrant Crime, Champion our Amazing Farmers and Ranchers, Strengthen our Military/Veterans, and Protect our always under siege Second Amendment.   Scott Bedke has my Complete and Total Endorsement for Re-Election. Election Day is Tuesday, May 19th. GET OUT AND VOTE FOR SCOTT — HE WILL NEVER LET YOU DOWN!   Find your Voting Location here: https://swampthevoteusa.com/idaho/"
2026-05-18T17:36:28.733Z,116596787690387334,https://truthsocial.com/@realDonaldTrump/116596787690387334,no,"Brad Little is the strong and highly popular Governor of Idaho, a State I love and WON BIG in 2016, 2020, and 2024!   As Governor, Brad is fighting tirelessly to Champion Idaho Values, Promote our Great Farmers and Ranchers, Grow the Economy, Cut Taxes and Regulations, Keep our Border SECURE, Stop Migrant Crime, Support our Brave Military, Veterans, and Law Enforcement, and Protect our always under siege Second Amendment.   Brad Little has my Complete and Total Endorsement for Re-Election. Election Day is Tuesday, May 19th. GET OUT AND VOTE FOR BRAD — HE WILL NEVER LET YOU DOWN!   Find your Voting Location here: https://swampthevoteusa.com/idaho/"
2026-05-18T17:36:12.366Z,116596786617753204,https://truthsocial.com/@realDonaldTrump/116596786617753204,no,"Senator Jim Risch is doing a tremendous job representing the incredible people of Idaho, a State I love, and WON BIG, in 2016, 2020, and 2024!   As the Chair of the Senate Foreign Relations Committee, Jim is fighting tirelessly to advance our America First Agenda. He is working hard to Grow our Economy, Create GREAT Jobs, Strongly Support our Farmers and Ranchers, Champion American Energy DOMINANCE, Keep our Border SECURE, Strengthen our Military/Veterans, Defend our always under siege Second Amendment, and Restore PEACE THROUGH STRENGTH.   Jim Risch has my Complete and Total Endorsement for Re-Election. Election Day is Tuesday, May 19th. GET OUT AND VOTE FOR JIM — HE WILL NEVER LET YOU DOWN!   Find your Voting Location here: https://swampthevoteusa.com/idaho/"
2026-05-18T17:35:56.752Z,116596785594736554,https://truthsocial.com/@realDonaldTrump/116596785594736554,no,"Congressman Clay Fuller is a Tremendous Champion for Georgia’s 14th Congressional District!   Previously District Attorney for the Lookout Mountain Judicial Circuit, and Air National Guard Officer, Clay knows the Wisdom and Courage required to Defend our Country, Support our Brave Military/Veterans, and Ensure PEACE THROUGH STRENGTH. As your Congressman, Clay is fighting tirelessly to Grow the Economy, Cut Taxes and Regulations, Promote MADE IN THE U.S.A., Unleash American Energy DOMINANCE, Keep our Border SECURE, Stop Migrant Crime, Safeguard our Elections, Champion School Choice, and Defend our always under siege Second Amendment.   Clay Fuller has my Complete and Total Endorsement for Re-Election. Election Day is Tuesday, May 19th. GET OUT AND VOTE FOR CLAY — HE WILL NEVER LET YOU DOWN!   Find your Voting Location here: https://swampthevoteusa.com/georgia/"
2026-05-18T17:35:36.587Z,116596784273199801,https://truthsocial.com/@realDonaldTrump/116596784273199801,no,"It is my Great Honor to endorse Highly Respected State Representative Houston Gaines, who is running to represent the Incredible People of Georgia’s 10th Congressional District.   An Eighth-Generation Georgian, Houston has served as a State Representative since 2019, authoring more than 20 bills that have passed the Georgia Legislature, and championing our AMERICA FIRST Policies. As your next Congressman, he will fight tirelessly to Promote our Great Farmers and American Agriculture, Cut Taxes and Regulations, Advance American Energy DOMINANCE, Promote MADE IN THE U.S.A., Keep our Border SECURE, Stop Migrant Crime, Strengthen our Military/Veterans, and Protect our always under siege Second Amendment.   Houston Gaines has my Complete and Total Endorsement to be the next Representative from Georgia’s 10th Congressional District. Election Day is Tuesday, May 19th. GET OUT AND VOTE FOR HOUSTON — HE WILL NEVER LET YOU DOWN!   Find your Voting Location here: https://swampthevoteusa.com/georgia/"
2026-05-18T17:35:20.832Z,116596783240681689,https://truthsocial.com/@realDonaldTrump/116596783240681689,no,"Congressman Andrew Clyde is doing a truly fantastic job representing the Great People of Georgia’s 9th Congressional District!   A Brave U.S. Navy Veteran, Andrew knows the Wisdom and Courage required to Defend our Country, Support our incredible Military/Veterans, and Ensure PEACE THROUGH STRENGTH. As a very successful Businessman, Andrew is working tirelessly to Create Jobs, Cut Taxes and Regulations, Strengthen our Economy, and Promote MADE IN THE U.S.A. Andrew is also relentlessly focused on helping us Keep our Border SECURE, Stop Migrant Crime, Promote American Energy DOMINANCE, and Defend our always under siege Second Amendment.   Andrew Clyde has my Complete and Total Endorsement for Re-Election. Election Day is Tuesday, May 19th. GET OUT AND VOTE FOR ANDREW — HE WILL NEVER LET YOU DOWN!   Find your Voting Location here: https://swampthevoteusa.com/georgia/"
2026-05-18T17:35:01.177Z,116596781952316386,https://truthsocial.com/@realDonaldTrump/116596781952316386,no,"Congressman Austin Scott is doing a truly fantastic job representing the wonderful people of Georgia’s 8th Congressional District!   As Vice Chairman of the House Agriculture Committee, Austin is a strong and effective Voice for American Agriculture, and our amazing Farmers and Ranchers. In Congress, he is working hard to Grow our Economy, Cut Taxes and Regulations, Promote MADE IN THE U.S.A., Champion American Energy DOMINANCE, Keep our Border SECURE, Stop Migrant Crime, Ensure LAW AND ORDER, Strengthen our Military/Veterans, and Protect our always under siege Second Amendment.   Austin Scott has my Complete and Total Endorsement for Re-Election. Election Day is Tuesday, May 19th. GET OUT AND VOTE FOR AUSTIN — HE WILL NEVER LET YOU DOWN!   Find your Voting Location here: https://swampthevoteusa.com/georgia/"
2026-05-18T17:34:41.349Z,116596780652861457,https://truthsocial.com/@realDonaldTrump/116596780652861457,no,"Congressman Rich McCormick is an incredibly Strong Advocate for the Great People of Georgia’s 7th Congressional District!   A distinguished Emergency Room Doctor and Marine Helicopter Pilot, Rich knows the America First Policies required to Defend our Country, Support our Brave Military/Veterans, and Ensure PEACE THROUGH STRENGTH. In Congress, he is working hard to Grow our Economy, Cut Taxes and Regulations, Promote MADE IN THE U.S.A., Champion American Energy DOMINANCE, Keep our Border SECURE, Stop Migrant Crime, Advance Election Integrity, and Protect our always under siege Second Amendment.   Rich McCormick has my Complete and Total Endorsement for Re-Election. Election Day is Tuesday, May 19th. GET OUT AND VOTE FOR RICH — HE WILL NEVER LET YOU DOWN!   Find your Voting Location here: https://swampthevoteusa.com/georgia/"
2026-05-18T17:34:23.833Z,116596779505000504,https://truthsocial.com/@realDonaldTrump/116596779505000504,no,"Congressman Brian Jack, who has been with us from the very beginning, is a MAGA Warrior and Tremendous Champion of Georgia’s 3rd Congressional District!   In my First Term, Brian strongly advocated for our America First Agenda as White House Political Director. Now, Brian has distinguished himself as a Highly Respected Congressman, who is fighting tirelessly to Protect Georgia Values, Safeguard our Elections, Champion our Amazing Farmers and Ranchers, Promote MADE IN THE U.S.A., Cut Taxes and Regulations, Advance American Energy DOMINANCE, Keep our Border SECURE, Stop Migrant Crime, Support our Brave Military, Veterans, and Law Enforcement, and Defend our always under siege Second Amendment.   Brian Jack is a very good friend, fighter, and WINNER, and has my Complete and Total Endorsement for Re-Election. Election Day is Tuesday, May 19th. GET OUT AND VOTE FOR BRIAN — HE WILL NEVER LET YOU DOWN!   Find your Voting Location here: https://swampthevoteusa.com/georgia/"
2026-05-18T17:34:06.282Z,116596778354691139,https://truthsocial.com/@realDonaldTrump/116596778354691139,no,"It is my Great Honor to endorse MAGA Warrior, Jim Kingston, who is running to represent the fantastic people of Georgia’s 1st Congressional District.   A very successful Businessman, Civic Leader, and Conservative Activist, Jim has dedicated his life to serving his Community. Jim's father is the GREAT Former Congressman from Georgia, Jack Kingston – He and his family are fierce advocates for our Movement to, MAKE AMERICA GREAT AGAIN! In Congress, Jim will fight tirelessly to Grow our Economy, Cut Taxes and Regulations, Promote MADE IN THE U.S.A., Champion American Energy DOMINANCE, Keep our Border SECURE, Stop Migrant Crime, Champion School Choice, Strengthen our Military/Veterans, and Protect our always under siege Second Amendment.   Jim Kingston has my Complete and Total Endorsement to be the next Representative from Georgia’s 1st Congressional District. Election Day is Tuesday, May 19th. GET OUT AND VOTE FOR JIM — HE WILL NEVER LET YOU DOWN!   Find your Voting Location here: https://swampthevoteusa.com/georgia/"
2026-05-18T17:33:42.543Z,116596776798992620,https://truthsocial.com/@realDonaldTrump/116596776798992620,no,"Highly Respected and very popular Lieutenant Governor, Burt Jones, is running to be the next Governor of the Great State of Georgia, a very special place to me in that we had a BIG Presidential Election Win on November 5, 2024!   As the first member of the Georgia State Assembly to Endorse “DONALD J. TRUMP” for President, Burt was strongly committed to my Campaign in 2016, 2020, and 2024, and worked tirelessly to help us WIN. He has been with us from the very beginning. I know his family well, and have seen Burt tested at the most difficult levels and times — He is a WARRIOR, a successful Businessman, former SEC Championship winning Georgia Bulldogs football player (Known for his toughness!), and now, as Lieutenant Governor, Burt has proven he has the Courage and Wisdom to deliver strong results for the incredible people of his wonderful State and Nation. As your next Governor, Burt Jones will fight hard to Grow the Economy, Cut Taxes and Regulations, Promote MADE IN THE U.S.A., Champion American Energy DOMINANCE, Continue to Secure our now Secure Southern Border, Strengthen our Military/Veterans, Ensure LAW AND ORDER, Advance Election Integrity, and Defend our always under siege Second Amendment.   Burt Jones has my Complete and Total Endorsement to be the next Governor of the Wonderful State of Georgia. Election Day is Tuesday, May 19th. GET OUT AND VOTE FOR BURT — HE WILL NEVER LET YOU DOWN!   Find your Voting Location here: https://swampthevoteusa.com/georgia/"
2026-05-18T17:31:53.787Z,116596769671488963,https://truthsocial.com/@realDonaldTrump/116596769671488963,no,"Congressman Dale Strong is a terrific Representative for the incredible people of Alabama’s 5th Congressional District!   Dale has a Strong Record of SUCCESS, and compelling support from his Community. In Congress, he is fighting tirelessly to Champion our Amazing Farmers and Ranchers, Grow our Economy, Cut Taxes and Regulations, Promote MADE IN THE U.S.A., Unleash American Energy DOMINANCE, Keep our Border SECURE, Stop Migrant Crime, Advocate for our Great Military/Veterans, and Protect our always under siege Second Amendment.   Dale Strong has my Complete and Total Endorsement for Re-Election. Election Day is Tuesday, May 19th. GET OUT AND VOTE FOR DALE — HE WILL NEVER LET YOU DOWN!   Find your Voting Location here: https://swampthevoteusa.com/alabama/"
2026-05-18T17:31:31.429Z,116596768206267512,https://truthsocial.com/@realDonaldTrump/116596768206267512,no,"Congressman Robert Aderholt is a Tremendous Champion for Alabama’s 4th Congressional District!   As a Member of the POWERFUL House Appropriations Committee, Robert knows the America First Policies required to Create GREAT Jobs, Cut Taxes and Regulations, Promote MADE IN THE U.S.A., Unleash American Energy Dominance, Champion our Amazing Farmers and Ranchers, and Advance our Nation’s Golden Age. He is also fighting tirelessly to Keep our Border SECURE, Strengthen our incredible Military/Veterans, and Defend our always under siege Second Amendment.   Robert Aderholt has my Complete and Total Endorsement for Re-Election. Election Day is Tuesday, May 19th. GET OUT AND VOTE FOR ROBERT — HE WILL NEVER LET YOU DOWN!   Find your Voting Location here: https://swampthevoteusa.com/alabama/"
2026-05-18T17:31:09.462Z,116596766766629053,https://truthsocial.com/@realDonaldTrump/116596766766629053,no,"Congressman Mike Rogers is doing a truly fantastic job representing the Great People of Alabama’s 3rd Congressional District!   As the first Chairman of the House Armed Services Committee from Alabama, Mike is working tirelessly to advance our AMERICA FIRST Agenda. He knows the Wisdom and Courage required to Defend our Country, Support our incredible Military/Veterans, and Ensure PEACE THROUGH STRENGTH. In Congress, Mike is working tirelessly to Grow our Economy, Cut Taxes and Regulations, Promote MADE IN THE U.S.A., Champion American Energy DOMINANCE, Keep our Border SECURE, Stop Migrant Crime, and Defend our always under siege Second Amendment.   Mike Rogers has my Complete and Total Endorsement for Re-Election. Election Day is Tuesday, May 19th. GET OUT AND VOTE FOR MIKE — HE WILL NEVER LET YOU DOWN!   Find your Voting Location here: https://swampthevoteusa.com/alabama/"
2026-05-18T17:29:31.053Z,116596760317568079,https://truthsocial.com/@realDonaldTrump/116596760317568079,no,"John Wahl, the Highly Respected former Chairman of the Alabama GOP, is running for Lieutenant Governor of Alabama. John has been with us from the very beginning, and has been key to our many Republican Victories in the Great State of Alabama, which I won with the Highest Vote in Alabama History, including my HISTORIC WINS in 2016, 2020, and 2024!   As your next Lieutenant Governor, John will fight tirelessly to Grow the Economy, Cut Taxes and Regulations, Promote MADE IN THE U.S.A., Support our Amazing Farmers and Fishermen, Unleash American Energy DOMINANCE, Keep our Border SECURE, Stop Migrant Crime, Ensure LAW AND ORDER, Strengthen our Brave Military/Veterans, Safeguard our Elections, and Defend our always under siege Second Amendment.   John Wahl has my Complete and Total Endorsement to be the next Lieutenant Governor of Alabama. Election Day is Tuesday, May 19th. GET OUT AND VOTE FOR JOHN — HE WILL NEVER LET YOU DOWN!   Find your Voting Location here: https://swampthevoteusa.com/alabama/"
2026-05-18T17:28:57.378Z,116596758110436520,https://truthsocial.com/@realDonaldTrump/116596758110436520,no,"Highly Respected Senator, “Coach” Tommy Tuberville, is running for Governor of Alabama, a place I love and WON BIG, six times, including Primaries, in 2016, 2020, and 2024!   A former SEC Championship winning College Football Coach, and now, as a Highly Respected U.S. Senator, Tommy has proven he has the Courage and Wisdom to deliver strong results for the incredible people of his wonderful State and Nation. He is a Lifelong Leader, both on and off the field — A true WINNER! As your next Governor, “Coach” will work tirelessly to Grow the Economy, Cut Taxes and Regulations, Promote MADE IN THE U.S.A., Champion American Energy DOMINANCE, Keep our Border SECURE, Stop Migrant Crime, Ensure LAW AND ORDER, Strengthen our Military/Veterans, Safeguard our Elections, and Protect our always under siege Second Amendment.   I was proud to endorse “Coach” when he ran for the Senate in 2020, and am honored to do so again. Tommy Tuberville has my Complete and Total Endorsement to be the next Governor of the Great State of Alabama. Election Day is Tuesday, May 19th. GET OUT AND VOTE FOR “COACH” — HE WILL NEVER LET YOU DOWN!   Find your Voting Location here: https://swampthevoteusa.com/alabama/"
2026-05-18T17:28:10.273Z,116596755023574758,https://truthsocial.com/@realDonaldTrump/116596755023574758,no,"Congressman Barry Moore, an America First Patriot who has been with me from the very beginning (He was the first Elected Official in the Country to Endorse me!), is running for the United States Senate in Alabama, a place I love and WON BIG in 2016, 2020, and 2024, getting the highest vote in that Great State’s History.   A very successful Businessman, Civic Leader, and Highly Respected State Legislator prior to becoming a distinguished Congressman, Barry has dedicated his life to serving his Community. As your next Senator, Barry will continue to fight tirelessly to Grow our Economy, Cut Taxes and Regulations, Promote MADE IN THE U.S.A., Champion American Energy DOMINANCE, Keep our Border SECURE, Stop Migrant Crime, Ensure LAW AND ORDER, Strengthen our Brave Military/Veterans, Safeguard our Elections, and Defend our always under siege Second Amendment.   Barry Moore is a good friend, fighter, and WINNER, and has my Complete and Total Endorsement to be the next United States Senator from Alabama. Election Day is Tuesday, May 19th. GET OUT AND VOTE FOR BARRY — HE WILL NEVER LET YOU DOWN!   Find your Voting Location here: https://swampthevoteusa.com/alabama/"
2026-05-18T14:47:44.637Z,116596124197789662,https://truthsocial.com/@realDonaldTrump/116596124197789662,no,"The worst Congressman in the long and storied history of the Republican Party, is Thomas Massie. He is an obstructionist and a fool. Vote him out of office tomorrow, Tuesday. It will be a great day for America! President DJT"
2026-05-18T14:40:18.205Z,116596094940250402,https://truthsocial.com/@realDonaldTrump/116596094940250402,no,"If Iran surrenders, admits their Navy is gone and resting at the bottom of the sea, and their Air Force is no longer with us, and if their entire Military walks out of Tehran, weapons dropped and hands held high, each shouting “I surrender, I surrender” while wildly waving the representative White Flag, and if their entire remaining Leadership signs all necessary “Documents of Surrender,” and admit their defeat to the great power and force of the magnificent U.S.A., The Failing New York Times, The China Street Journal (WSJ!), Corrupt and now Irrelevant CNN, and all other members of the Fake News Media, will headline that Iran had a Masterful and Brilliant Victory over The United States of America, it wasn’t even close. The Dumacrats and Media have totally lost their way. They have gone absolutely CRAZY!!! President DJT"
2026-05-18T13:03:46.899Z,116595715401137648,https://truthsocial.com/@realDonaldTrump/116595715401137648,no,
2026-05-18T13:02:41.770Z,116595711132847333,https://truthsocial.com/@realDonaldTrump/116595711132847333,no,
2026-05-18T13:00:55.789Z,116595704187387019,https://truthsocial.com/@realDonaldTrump/116595704187387019,no,
2026-05-17T21:26:36.501Z,116592030286032733,https://truthsocial.com/@realDonaldTrump/116592030286032733,yes,RT @realDonaldTrumpExclusive — Greek Energy Minister: Trump’s ‘Trademark Move’ with Allies and Adversaries Alike Is Energy Diplomacy: https://www.breitbart.com/politics/2026/05/17/exclusive-greek-energy-minister-trumps-trademark-move-with-allies-and-adversaries-alike-is-energy-diplomacy/
2026-05-17T21:26:25.889Z,116592029590361745,https://truthsocial.com/@realDonaldTrump/116592029590361745,yes,"RT @realDonaldTrumpThird Rate Congressman Thomas Massie, a Weak and Pathetic RINO from the Great Commonwealth of Kentucky, a place I love, and won big SIX TIMES, including all Primaries, must be thrown out of office, ASAP! He is the Worst “Republican” Congressman in History, voting against Tax Cuts, the Wall, Law Enforcement, and in favor of the Transgender Mutilization of our Children, Men playing in Women’s Sports, and so many more horrible things. The incredible people of Kentucky’s 4th Congressional District gave us a mandate to, MAKE AMERICA GREAT AGAIN, and the person that will help us do that is Navy SEAL, Army Ranger, and Fifth Generation Kentucky Farmer, Captain Ed Gallrein, a true America First Patriot.   A Brave Combat Veteran, Ed knows the Wisdom and Courage required to Defend our Country, Support our Military/Veterans, and Ensure PEACE THROUGH STRENGTH. Additionally, as a very successful Businessman, Ed knows how to Create GREAT Jobs, Cut Taxes and Regulations, Promote MADE IN THE U.S.A., Support our Amazing Farmers and American Agriculture, Unleash American Energy Dominance, and Champion our Nation’s Golden Age. In Congress, he will fight tirelessly to Keep our now very Secure Border, SECURE, Stop Migrant Crime, and Defend our always under siege Second Amendment.   The Great People of Kentucky are wise to Massie — He only votes against the Republican Party, making life very easy for the Radical Left. Unlike “lightweight” Massie, a totally ineffective LOSER who has failed us so badly, CAPTAIN ED GALLREIN IS A WINNER WHO WILL NOT LET YOU DOWN. Election Day is Tuesday, May 19th. VOTE FOR ED GALLREIN — HE HAS MY COMPLETE AND TOTAL ENDORSEMENT. MAKE AMERICA GREAT AGAIN! President DONALD J. TRUMP"
2026-05-17T21:26:15.620Z,116592028917390373,https://truthsocial.com/@realDonaldTrump/116592028917390373,no,
2026-05-17T21:26:06.785Z,116592028338358108,https://truthsocial.com/@realDonaldTrump/116592028338358108,no,
2026-05-17T21:16:14.757Z,116591989539415412,https://truthsocial.com/@realDonaldTrump/116591989539415412,no,
2026-05-17T21:14:28.974Z,116591982606626739,https://truthsocial.com/@realDonaldTrump/116591982606626739,no,
2026-05-17T21:10:23.005Z,116591966487023634,https://truthsocial.com/@realDonaldTrump/116591966487023634,no,
2026-05-17T21:09:18.097Z,116591962233203741,https://truthsocial.com/@realDonaldTrump/116591962233203741,no,
2026-05-17T21:06:34.271Z,116591951496475525,https://truthsocial.com/@realDonaldTrump/116591951496475525,no,
2026-05-17T21:01:26.632Z,116591931335249221,https://truthsocial.com/@realDonaldTrump/116591931335249221,no,
2026-05-17T20:56:24.127Z,116591911510294644,https://truthsocial.com/@realDonaldTrump/116591911510294644,no,
2026-05-17T20:55:33.096Z,116591908165854374,https://truthsocial.com/@realDonaldTrump/116591908165854374,no,
2026-05-17T20:54:42.624Z,116591904858301243,https://truthsocial.com/@realDonaldTrump/116591904858301243,no,Exclusive — Greek Energy Minister: Trump’s ‘Trademark Move’ with Allies and Adversaries Alike Is Energy Diplomacy: https://www.breitbart.com/politics/2026/05/17/exclusive-greek-energy-minister-trumps-trademark-move-with-allies-and-adversaries-alike-is-energy-diplomacy/
2026-05-17T20:54:17.255Z,116591903195606393,https://truthsocial.com/@realDonaldTrump/116591903195606393,no,
2026-05-17T20:53:52.726Z,116591901587847680,https://truthsocial.com/@realDonaldTrump/116591901587847680,no,
2026-05-17T20:53:18.706Z,116591899358572000,https://truthsocial.com/@realDonaldTrump/116591899358572000,no,
2026-05-17T20:52:04.699Z,116591894508192334,https://truthsocial.com/@realDonaldTrump/116591894508192334,no,
2026-05-17T20:51:53.597Z,116591893780665130,https://truthsocial.com/@realDonaldTrump/116591893780665130,no,
2026-05-17T20:51:36.494Z,116591892659828831,https://truthsocial.com/@realDonaldTrump/116591892659828831,no,
2026-05-17T20:51:22.535Z,116591891745190327,https://truthsocial.com/@realDonaldTrump/116591891745190327,no,
2026-05-17T20:51:09.938Z,116591890919627145,https://truthsocial.com/@realDonaldTrump/116591890919627145,no,
2026-05-17T20:50:07.151Z,116591886804530879,https://truthsocial.com/@realDonaldTrump/116591886804530879,no,
2026-05-17T20:48:59.005Z,116591882338593690,https://truthsocial.com/@realDonaldTrump/116591882338593690,no,
2026-05-17T20:48:18.004Z,116591879651506838,https://truthsocial.com/@realDonaldTrump/116591879651506838,no,
2026-05-17T20:47:50.671Z,116591877860242804,https://truthsocial.com/@realDonaldTrump/116591877860242804,no,
2026-05-17T20:47:18.809Z,116591875772379598,https://truthsocial.com/@realDonaldTrump/116591875772379598,no,
2026-05-17T20:17:00.494Z,116591756607268698,https://truthsocial.com/@realDonaldTrump/116591756607268698,no,"Third Rate Congressman Thomas Massie, a Weak and Pathetic RINO from the Great Commonwealth of Kentucky, a place I love, and won big SIX TIMES, including all Primaries, must be thrown out of office, ASAP! He is the Worst “Republican” Congressman in History, voting against Tax Cuts, the Wall, Law Enforcement, and in favor of the Transgender Mutilization of our Children, Men playing in Women’s Sports, and so many more horrible things. The incredible people of Kentucky’s 4th Congressional District gave us a mandate to, MAKE AMERICA GREAT AGAIN, and the person that will help us do that is Navy SEAL, Army Ranger, and Fifth Generation Kentucky Farmer, Captain Ed Gallrein, a true America First Patriot.   A Brave Combat Veteran, Ed knows the Wisdom and Courage required to Defend our Country, Support our Military/Veterans, and Ensure PEACE THROUGH STRENGTH. Additionally, as a very successful Businessman, Ed knows how to Create GREAT Jobs, Cut Taxes and Regulations, Promote MADE IN THE U.S.A., Support our Amazing Farmers and American Agriculture, Unleash American Energy Dominance, and Champion our Nation’s Golden Age. In Congress, he will fight tirelessly to Keep our now very Secure Border, SECURE, Stop Migrant Crime, and Defend our always under siege Second Amendment.   The Great People of Kentucky are wise to Massie — He only votes against the Republican Party, making life very easy for the Radical Left. Unlike “lightweight” Massie, a totally ineffective LOSER who has failed us so badly, CAPTAIN ED GALLREIN IS A WINNER WHO WILL NOT LET YOU DOWN. Election Day is Tuesday, May 19th. VOTE FOR ED GALLREIN — HE HAS MY COMPLETE AND TOTAL ENDORSEMENT. MAKE AMERICA GREAT AGAIN! President DONALD J. TRUMP"
2026-05-17T20:05:26.968Z,116591711156075694,https://truthsocial.com/@realDonaldTrump/116591711156075694,no,
2026-05-17T20:05:01.635Z,116591709495947327,https://truthsocial.com/@realDonaldTrump/116591709495947327,no,
2026-05-17T20:03:31.529Z,116591703590602686,https://truthsocial.com/@realDonaldTrump/116591703590602686,no,
2026-05-17T20:02:44.975Z,116591700539958525,https://truthsocial.com/@realDonaldTrump/116591700539958525,no,
2026-05-17T20:02:37.658Z,116591700060147779,https://truthsocial.com/@realDonaldTrump/116591700060147779,no,
2026-05-17T16:46:31.568Z,116590928955448990,https://truthsocial.com/@realDonaldTrump/116590928955448990,no,https://truthsocial.com/@realDonaldTrump/116584918663563894.
2026-05-17T16:42:47.974Z,116590914302000241,https://truthsocial.com/@realDonaldTrump/116590914302000241,no,"For Iran, the Clock is Ticking, and they better get moving, FAST, or there won’t be anything left of them. TIME IS OF THE ESSENCE! President DJT"
2026-05-17T12:30:29.516Z,116589922190393582,https://truthsocial.com/@realDonaldTrump/116589922190393582,no,"I HOPE EVERYBODY AT REDEDICATE 250 IS HAVING A GOOD TIME. IF THERE IS ANYTHING I CAN DO TO HELP, JUST HAVE OUR BEAUTIFUL, BOTH INSIDE AND OUT, RACHAEL C.D., GIVE ME A CALL. I’M BACK FROM CHINA!!! President DJT"
2026-05-17T11:58:21.734Z,116589795851243755,https://truthsocial.com/@realDonaldTrump/116589795851243755,no,"Bad Congressman Tom Massie voted against Tax Cuts, the Border Wall, our Military and Law Enforcement. Actually, he voted against almost everything that is good. The Worst Republican Congressman in History. Kentucky, vote the bum out on Tuesday. We can’t live with this troublemaker for another two years. He is a true negative force!!! President DJT"
2026-05-17T04:54:13.512Z,116588128076806291,https://truthsocial.com/@realDonaldTrump/116588128076806291,no,A BIG NIGHT IN POLITICS. THANK YOU TO ALL! President DONALD J. TRUMP
2026-05-17T04:40:43.642Z,116588075000941546,https://truthsocial.com/@realDonaldTrump/116588075000941546,no,"Tom Massie of Kentucky, the worst and most unreliable Republican Congressman in the history of our Country, is an even bigger insult to our Nation than Senator Bill Cassidy of Louisiana, who suffered an unprecedented loss tonight by not even being allowed to run in the Republican Primary. This is the first time such a thing has ever happened to a sitting U.S. Senator! That’s what you get by voting to Impeach an innocent man, especially one who made it possible for Cassidy’s Senate win. Very disloyal, but Tom Massie, a major Sleazebag, is even worse! Kentucky, get this LOSER out of politics in Tuesday’s Election. He is nicknamed Rand Paul Jr., another real “beauty,” because of his absolutely terrible voting habits. Vote for Ed Gallrein, a successful Kentucky farmer, and American War Hero, who only ran because he thought that Massie was so disloyal and disrespectful to your President, ME! This is a great man, Central Casting, in fact, who truly deserves to represent the fantastic people of Kentucky, a Commonwealth that I am proud to have won all three times, in record fashion!  ED WILL NEVER LET YOU DOWN. MAKE AMERICA GREAT AGAIN! President DONALD J. TRUMP"
2026-05-17T04:12:29.657Z,116587963981678416,https://truthsocial.com/@realDonaldTrump/116587963981678416,no,Great victory speech tonight by Julia!!! President DJT https://www.youtube.com/watch?v=299wWZKTdus
2026-05-17T02:52:17.459Z,116587648609362496,https://truthsocial.com/@realDonaldTrump/116587648609362496,no,"Bill Cassidy, after falsely using his “relationship” with me during his political career, and winning Elections because of it, voted to impeach me on preposterous charges that were fake then, and now, are criminally insane! His disloyalty to the man who got him elected is now a part of legend, and it’s nice to see that his political career is OVER! I’d like to thank the Great People of the State of Louisiana, and this Big Victory will only make me work even harder for your success, and all that comes with it. I LOVE YOU ALL. MAKE AMERICA GREAT AGAIN! President DONALD J. TRUMP"
2026-05-17T02:43:54.687Z,116587615659706793,https://truthsocial.com/@realDonaldTrump/116587615659706793,no,"Congratulations to Congresswoman Julia Letlow on a fantastic race, beating an Incumbent Senator by Record Setting Numbers. This is the first time in History that a sitting Senator has lost by such large numbers in a Primary, unable to even go forward. Julia Letlow is a fantastic person and, after taking care of some additional business, will make a brilliant Senator for the Great People of Louisiana, a State that I love, helped make prosperous with my Energy Policies and everything else, and won six times in a row, including Primaries. Julia Letlow is a spectacular person, and will never let you down! President DONALD J. TRUMP"
2026-05-16T22:53:42.735Z,116586710482141788,https://truthsocial.com/@realDonaldTrump/116586710482141788,no,
2026-05-16T22:28:00.381Z,116586609402311469,https://truthsocial.com/@realDonaldTrump/116586609402311469,no,"Is anyone interested in running against Weak Minded Lauren Boebert in Colorado’s Fourth Congressional District? You remember Lauren moved to the District when it became obvious that she couldn’t win in her original Congressional District (The Third!) — A Carpetbagger, indeed! Boebert is campaigning for the Worst “Republican” Congressman in the History of our Country, Thomas Massie, of the Great Commonwealth of Kentucky, and anybody who can be that dumb deserves a good Primary fight! Even though I long ago endorsed Boebert, if the right person came along, it would be my Honor to withdraw that Endorsement, and endorse a good and proper alternative. Just let me know, or announce your Candidacy, and I will be there for you! President DONALD J. TRUMP"
2026-05-16T22:26:54.977Z,116586605115993784,https://truthsocial.com/@realDonaldTrump/116586605115993784,no,"Word is that Rand Paul and Lauren Boebert, two very difficult, and highly unreasonable, Republican Votes, are right now in the Great Commonwealth of Kentucky, which I won by 31 points, parading around like fools for the Worst “Republican” Congressman in the History of our Party! His name is Thomas Massie, and he is a disloyal, ungracious, and sanctimonious FOOL, who almost never votes for even the best of Republican Values. The man running against Massie, Ed Gallrein, is a true American Patriot, a Farmer from Kentucky, and a Military Hero. He is loyal, and MAGA all the way — VOTE FOR ED GALLREIN, AND WIPE AWAY THE STENCH OF ONE OF THE WORST CONGRESSMEN IN THE HISTORY OF OUR GREAT PARTY, THOMAS MASSIE. MAY WE NEVER HAVE TO DEAL WITH HIM AGAIN! President DONALD J. TRUMP"
2026-05-16T21:58:18.541Z,116586492627718434,https://truthsocial.com/@realDonaldTrump/116586492627718434,no,
2026-05-16T21:57:22.080Z,116586488927495029,https://truthsocial.com/@realDonaldTrump/116586488927495029,no,"GOOD RIDDANCE! After 15 years of Dumocrats promising that “Climate Change” is going to destroy the Planet, the United Nations TOP Climate Committee just admitted that its own projections (RCP8.5) were WRONG! WRONG! WRONG! For far too long Climate Activism has been used by Dumocrats to scare Americans, push horrible Energy Polices, and fund BILLIONS into their bogus research programs. Unlike the Dumocrats, who use Climate Alarmism nonsense to push their GREEN NEW SCAM, my Administration will always be based on TRUTH, SCIENCE, and FACT! President DONALD J. TRUMP"
2026-05-16T21:54:15.892Z,116586476725208144,https://truthsocial.com/@realDonaldTrump/116586476725208144,no,
2026-05-16T21:54:07.051Z,116586476145878915,https://truthsocial.com/@realDonaldTrump/116586476145878915,no,
2026-05-16T21:52:10.800Z,116586468527305826,https://truthsocial.com/@realDonaldTrump/116586468527305826,no,
2026-05-16T21:50:56.959Z,116586463687981585,https://truthsocial.com/@realDonaldTrump/116586463687981585,no,
2026-05-16T21:48:14.625Z,116586453049444077,https://truthsocial.com/@realDonaldTrump/116586453049444077,no,
2026-05-16T21:48:06.596Z,116586452523225604,https://truthsocial.com/@realDonaldTrump/116586452523225604,no,
2026-05-16T21:40:15.974Z,116586421680561291,https://truthsocial.com/@realDonaldTrump/116586421680561291,no,"Sample test of the Reflecting Pool with the Lincoln Memorial and the Washington Monument in the background — at each end of the Pool — which is, by the way, the World’s longest. Looking really good! Should be completed before the Fourth of July, our target date. Have substantially upgraded construction materials, including surface qualities, sandblasting granite, and exterior stone and walkways. I’ve made this a much larger job than originally contemplated for purposes of Beauty, and a much longer life. Also, went to a higher quality sealer with more reflectivity. Check it out before the Opening — It’s a very exciting project! President DONALD J. TRUMP"
2026-05-16T21:26:32.230Z,116586367695484013,https://truthsocial.com/@realDonaldTrump/116586367695484013,no,
2026-05-16T21:26:12.296Z,116586366389291098,https://truthsocial.com/@realDonaldTrump/116586366389291098,no,
2026-05-16T21:23:26.115Z,116586355498518168,https://truthsocial.com/@realDonaldTrump/116586355498518168,no,https://x.com/lauraloomer/status/2055609922935496847?s=42
2026-05-16T21:23:12.259Z,116586354590478390,https://truthsocial.com/@realDonaldTrump/116586354590478390,no,https://x.com/lauraloomer/status/2054317665624129800?s=42
2026-05-16T21:22:59.159Z,116586353731791213,https://truthsocial.com/@realDonaldTrump/116586353731791213,no,https://www.foxnews.com/politics/massies-ex-girlfriend-alleges-he-arranged-her-capitol-hill-job-offered-5000-drop-termination-suit/
2026-05-16T21:14:31.063Z,116586320433302718,https://truthsocial.com/@realDonaldTrump/116586320433302718,no,
2026-05-16T21:14:05.112Z,116586318732457071,https://truthsocial.com/@realDonaldTrump/116586318732457071,no,
2026-05-16T21:13:36.424Z,116586316852464445,https://truthsocial.com/@realDonaldTrump/116586316852464445,no,
2026-05-16T21:13:25.098Z,116586316109977741,https://truthsocial.com/@realDonaldTrump/116586316109977741,no,
2026-05-16T21:10:23.087Z,116586304181801466,https://truthsocial.com/@realDonaldTrump/116586304181801466,yes,"RT @realDonaldTrumpThe Reflecting Pool between the Lincoln Memorial and the Washington Monument, approximately 2,030 feet, versus the tallest buildings in the U.S.A. Obama and Biden spent more than 100 Million Dollars trying to fix it. The estimated cost of their “fix up” was 355 Million Dollars. I am in construction now, have decided to go to a much higher level of repair, using industrial strength materials, which will give a longer life, and a better look! The price will be a small fraction of the money they used, unsuccessfully, to fix it. In fact, they made it worse! The goal is to have it done, at this higher level, prior to July 4th — We are ahead of schedule! President DONALD J. TRUMP"
2026-05-16T20:15:58.864Z,116586090257890382,https://truthsocial.com/@realDonaldTrump/116586090257890382,no,
2026-05-16T20:11:53.602Z,116586074184365979,https://truthsocial.com/@realDonaldTrump/116586074184365979,no,
2026-05-16T20:03:37.888Z,116586041697060377,https://truthsocial.com/@realDonaldTrump/116586041697060377,no,
2026-05-16T20:01:40.702Z,116586034017026836,https://truthsocial.com/@realDonaldTrump/116586034017026836,no,
2026-05-16T20:01:32.542Z,116586033482342317,https://truthsocial.com/@realDonaldTrump/116586033482342317,no,
2026-05-16T20:01:25.162Z,116586032998679221,https://truthsocial.com/@realDonaldTrump/116586032998679221,no,
2026-05-16T17:41:09.607Z,116585481472735570,https://truthsocial.com/@realDonaldTrump/116585481472735570,no,
2026-05-16T17:07:45.102Z,116585350109647241,https://truthsocial.com/@realDonaldTrump/116585350109647241,no,
2026-05-16T17:00:16.498Z,116585320705814913,https://truthsocial.com/@realDonaldTrump/116585320705814913,no,
2026-05-16T17:00:04.401Z,116585319912915479,https://truthsocial.com/@realDonaldTrump/116585319912915479,no,A Great Honor to be with a Leader who is respected by all! President DONALD J. TRUMP
2026-05-16T16:58:31.962Z,116585313854939538,https://truthsocial.com/@realDonaldTrump/116585313854939538,no,"The old, broken, slate floor on the Walkway going to the Oval Office from the White House. The new granite floor replacing the old slate going to the Oval! President DONALD J. TRUMP"
2026-05-16T16:55:54.551Z,116585303538748178,https://truthsocial.com/@realDonaldTrump/116585303538748178,no,
2026-05-16T16:55:24.983Z,116585301605450436,https://truthsocial.com/@realDonaldTrump/116585301605450436,no,"The Reflecting Pool between the Lincoln Memorial and the Washington Monument, approximately 2,030 feet, versus the tallest buildings in the U.S.A. Obama and Biden spent more than 100 Million Dollars trying to fix it. The estimated cost of their “fix up” was 355 Million Dollars. I am in construction now, have decided to go to a much higher level of repair, using industrial strength materials, which will give a longer life, and a better look! The price will be a small fraction of the money they used, unsuccessfully, to fix it. In fact, they made it worse! The goal is to have it done, at this higher level, prior to July 4th — We are ahead of schedule! President DONALD J. TRUMP"
2026-05-16T15:38:34.308Z,116584999440204144,https://truthsocial.com/@realDonaldTrump/116584999440204144,no,RT: https://truthsocial.com/users/realDonaldTrump/statuses/116584998513616323This is so cool. Watch! President DJT
2026-05-16T15:38:20.236Z,116584998513616323,https://truthsocial.com/@realDonaldTrump/116584998513616323,no,
2026-05-16T15:18:29.906Z,116584920502288420,https://truthsocial.com/@realDonaldTrump/116584920502288420,no,RT: https://truthsocial.com/users/realDonaldTrump/statuses/116584918663563894
2026-05-16T15:18:01.822Z,116584918663563894,https://truthsocial.com/@realDonaldTrump/116584918663563894,no,
2026-05-16T15:16:01.885Z,116584910801585992,https://truthsocial.com/@realDonaldTrump/116584910801585992,no,RT: https://truthsocial.com/users/realDonaldTrump/statuses/116584909715284014
2026-05-16T15:15:45.280Z,116584909715284014,https://truthsocial.com/@realDonaldTrump/116584909715284014,no,
2026-05-16T14:03:50.019Z,116584626908456628,https://truthsocial.com/@realDonaldTrump/116584626908456628,no,RT: https://truthsocial.com/users/realDonaldTrump/statuses/116584624895292658
2026-05-16T14:03:19.272Z,116584624895292658,https://truthsocial.com/@realDonaldTrump/116584624895292658,no,
2026-05-16T14:03:00.557Z,116584623668841124,https://truthsocial.com/@realDonaldTrump/116584623668841124,no,No games!!! Watch what’s next on your favorite subject! President DJT
2026-05-16T13:58:47.095Z,116584607059752343,https://truthsocial.com/@realDonaldTrump/116584607059752343,no,"Failed New York State Governor Kathy Hochul, a Dumacrat, just blamed ME for her Long Island Railroad STRIKE, when she knows, full well, that I have NOTHING TO DO WITH IT - never even heard about it until this morning. She just blurted out, “it’s President Trump’s fault.” No, Kathy, it’s your fault, and now looking over the facts, you should not have allowed this to happen. If you can’t solve it, let me know, and I’ll show you how to properly get things done. This would be an easy one for BRUCE BLAKEMAN. He should be your next Governor and New York State would turn around fast, including far less Crime, and much lower taxes!!! Kathy, call me if you can’t do it, I will get it done - I know all the players, great people!!! President DONALD J. TRUMP"
2026-05-16T13:41:49.413Z,116584540364979721,https://truthsocial.com/@realDonaldTrump/116584540364979721,no,"THE SAVE AMERICA ACT MUST BE PASSED, NOW. Use the Housing and FISA Bills to get it done! Maryland just had 500,000 Fake Mail-In Ballots revealed. We cannot, as a Country, put up with this any longer!!! Voter I.D., and Proof of Citizenship, must be approved, NOW. Crooked Mail-In Voting must be stopped!!! PUT IT ALL IN THE HOUSING AND FISA BILLS. MAKE AMERICA GREAT AGAIN!!! President DONALD J. TRUMP"
2026-05-16T13:18:56.615Z,116584450399753941,https://truthsocial.com/@realDonaldTrump/116584450399753941,no,"Senator Bill Cassidy of Louisiana is a disloyal disaster. His entire past campaign for the Senate was about “TRUMP,” how he’s with me all the way, and then, after winning, he turned around and voted to IMPEACH me for something that has now proven to be total “bullshit!” He knew that at the time, but didn’t care. Bill Cassidy is a sleazebag, a terrible guy, who is BAD FOR LOUISIANA. Now he’s going to get CLOBBERED, hopefully, in today’s BIG election, by two great people!!! VOTE TODAY FOR JULIA L. She Is a winner who will NEVER let you down. I LOVE LOUISIANA, won it all three times, and got the most votes in its history, by far (A record!!!), despite its big time and “storied,” political past. THE ELECTION IS TODAY - please get out and VOTE!!! MAKE AMERICA GREAT AGAIN! President DONALD J. TRUMP"
2026-05-16T12:39:32.986Z,116584295494641153,https://truthsocial.com/@realDonaldTrump/116584295494641153,no,House Judiciary Chairman urges DOJ to permanently dismiss all Trump cases after bombshell report: https://justthenews.com/accountability/political-ethics/house-judiciary-chairman-urges-doj-permanently-dismiss-all-trump
2026-05-16T12:39:03.010Z,116584293530067315,https://truthsocial.com/@realDonaldTrump/116584293530067315,no,"Republicans have lead in redistricting race, and it’s about to get bigger: https://justthenews.com/politics-policy/wkdrepublicans-have-lead-redistricting-race-its-about-get-bigger"
2026-05-16T12:06:36.793Z,116584165982667871,https://truthsocial.com/@realDonaldTrump/116584165982667871,no,John Solomon unpacks a bombshell revelation about James Comey: https://justthenews.com/podcasts/john-solomon-reports/john-solomon-unpacks-bombshell-revelation-about-james-comey
2026-05-16T12:00:19.466Z,116584141254236893,https://truthsocial.com/@realDonaldTrump/116584141254236893,no,Judicial Watch files lawsuit seeking records on $2 billion grant to nonprofit tied to Stacey Abrams: https://justthenews.com/government/courts-law/judicial-watch-files-lawsuit-seeking-records-2-billion-grant-nonprofit-tied
2026-05-16T11:58:26.435Z,116584133846676301,https://truthsocial.com/@realDonaldTrump/116584133846676301,no,"One Nation Under Fraud: Trump administration uncovers massive welfare, citizenship abuses: https://justthenews.com/accountability/waste-fraud-and-abuse/one-nation-under-fraud-trump-admin-uncovers-mass-welfare"
2026-05-16T11:57:55.914Z,116584131846427272,https://truthsocial.com/@realDonaldTrump/116584131846427272,no,"Biden FBI secretly set up Trump to be indicted after he leaves office, Arctic Frost memos suggest: https://justthenews.com/government/courts-law/fbi-and-jack-smith-prosecutor-sought-hold-anti-trump-evidence-until-he-left"
2026-05-16T03:40:44.285Z,116582176802983329,https://truthsocial.com/@realDonaldTrump/116582176802983329,no,RT: https://truthsocial.com/users/realDonaldTrump/statuses/116582175749655803
2026-05-16T03:40:28.212Z,116582175749655803,https://truthsocial.com/@realDonaldTrump/116582175749655803,no,
2026-05-16T03:33:35.810Z,116582148716425394,https://truthsocial.com/@realDonaldTrump/116582148716425394,no,RT: https://truthsocial.com/users/realDonaldTrump/statuses/116582147871969484
2026-05-16T03:33:22.897Z,116582147871969484,https://truthsocial.com/@realDonaldTrump/116582147871969484,no,
2026-05-16T03:31:19.824Z,116582139808210458,https://truthsocial.com/@realDonaldTrump/116582139808210458,no,"Tonight, at my direction, brave American forces and the Armed Forces of Nigeria flawlessly executed a meticulously planned and very complex mission to eliminate the most active terrorist in the world from the battlefield. Abu-Bilal al-Minuki, second in command of ISIS globally, thought he could hide in Africa, but little did he know we had sources who kept us informed on what he was doing. He will no longer terrorize the people of Africa, or help plan operations to target Americans. With his removal, ISIS’s global operation is greatly diminished. Thank you to the Government of Nigeria for your partnership on this operation. GOD BLESS AMERICA! President DONALD J. TRUMP"
2026-05-16T03:22:08.487Z,116582103671933582,https://truthsocial.com/@realDonaldTrump/116582103671933582,no,RT: https://truthsocial.com/users/realDonaldTrump/statuses/116582102435100568
2026-05-16T03:21:49.585Z,116582102435100568,https://truthsocial.com/@realDonaldTrump/116582102435100568,no,
2026-05-15T21:14:47.997Z,116580659228348572,https://truthsocial.com/@realDonaldTrump/116580659228348572,no,
2026-05-15T21:03:42.540Z,116580615618774330,https://truthsocial.com/@realDonaldTrump/116580615618774330,no,FREE TINA!
2026-05-15T15:24:37.391Z,116579282279382399,https://truthsocial.com/@realDonaldTrump/116579282279382399,no,Henry Clay and the architecture of American strength: https://www.washingtontimes.com/news/2026/apr/14/henry-clay-architecture-american-strength/
2026-05-15T14:00:20.656Z,116578950880982545,https://truthsocial.com/@realDonaldTrump/116578950880982545,no,"Highly Respected America First Congresswoman, Julia Letlow, of the wonderful State of Louisiana, is a Great Star, has been from the very beginning, and only gets better! Julia is running for the United States Senate in Louisiana, a place I love and WON BIG, six times, including Primaries, in 2016, 2020, and 2024.   I know Julia well, have seen her tested at the highest and most difficult levels, and she is a TOTAL WINNER! A Proud Mother of two children, Julia is a wonderful person, has ALWAYS delivered for Louisiana, and would continue doing so in the United States Senate. As your next Senator, Julia will work tirelessly to Grow our Economy, Cut Taxes and Regulations, Support our Amazing Farmers and Fishermen, Champion Louisiana Oil & Gas, Unleash American Energy DOMINANCE, Promote MADE IN THE U.S.A., Keep our Border SECURE, Stop Migrant Crime, Ensure LAW AND ORDER, Strengthen our Military/Veterans, and Protect our always under siege Second Amendment.Election Day is tomorrow, Saturday, May 16th. Vote for Julia Letlow — She has my Complete and Total Endorsement, and will never let you down!"
2026-05-15T10:31:30.367Z,116578129694002220,https://truthsocial.com/@realDonaldTrump/116578129694002220,no,
2026-05-15T10:04:33.686Z,116578023743355359,https://truthsocial.com/@realDonaldTrump/116578023743355359,no,"China has a Ballroom, and so should the U.S.A.! It’s under construction, ahead of schedule, and will be the finest facility of its kind anywhere in the U.S.A. Thank you for all the support I have been given in getting this project going. Scheduled opening will be around September of 2028. The man I am walking with is President Xi, of China, one of the World’s Great Leaders! President DONALD J. TRUMP"
2026-05-15T09:52:24.641Z,116577975964537452,https://truthsocial.com/@realDonaldTrump/116577975964537452,no,"This is a statue, now standing at Doral, that was commissioned by a large group of political supporters who just wanted a statue of yours truly. I very much appreciate their support, and all that they went through to get it done! They are very good people. Those playing the Blue Monster, at Doral, are absolutely in love with it. Congratulations to all involved. With time, it will become a Landmark! President DJT"
2026-05-15T09:11:46.805Z,116577816196563165,https://truthsocial.com/@realDonaldTrump/116577816196563165,no,
2026-05-15T09:01:23.540Z,116577775352087911,https://truthsocial.com/@realDonaldTrump/116577775352087911,no,"Congratulations to Rachel Campos-Duffy on her new book, “All American Patriotism: Celebrating 250 Years of America’s Greatness!” By sharing personal stories of Patriotism, along with those of her FOX colleagues, Rachel reveals the true Spirit of the U.S.A., how to end this crazy and wrong hatred for America, and renew pride in our GREAT Country, our shared history, and people. Rachel dedicated her book to me, saying: “To President Donald J. Trump, the man who shows us every day how to love; serve; & fight, fight, fight for America!” Thank you Rachel. This book is FANTASTIC — Preorder today! https://www.foxnews.com/books/all-american-patriotism"
2026-05-15T08:52:31.777Z,116577740502580740,https://truthsocial.com/@realDonaldTrump/116577740502580740,no,"I am proud to announce the site of the NATIONAL GARDEN OF AMERICAN HEROES. This magnificent exhibition of statues will be located in West Potomac Park, which we are transforming into one of the World's most beautiful public spaces. Right now, it is a totally BARREN field of Prime Waterfront Real Estate along our Mighty Potomac River. When finished, West Potomac Park will be a World Class Masterpiece with elegant Landscaping, and adorned with Beautiful Statues, and be yet another one of my great projects to make Washington, D.C., the Safest and Most Beautiful Capital in the World. The National Garden of American Heroes will feature the MOST BEAUTIFUL collection of statues of AMERICAN HEROES, featuring our Illustrious Founding Fathers, Military Warriors, Religious Leaders, Civil Rights Champions, World Class Athletes, Artists, Entertainers, and MORE. The people of America (and the World!) will come here to learn and be inspired by the ""Greats"". The National Garden of American Heroes is one more project we are undertaking to honor the 250th Birthday of the Greatest Nation on Earth, THE UNITED STATES OF AMERICA! President DONALD J. TRUMP"
2026-05-14T21:42:08.007Z,116575104401917058,https://truthsocial.com/@realDonaldTrump/116575104401917058,no,"When President Xi very elegantly referred to the United States as perhaps being a declining nation, he was referring to the tremendous damage we suffered during the four years of Sleepy Joe Biden and the Biden Administration, and on that score, he was 100% correct. Our Country suffered immeasurably with open borders, high taxes, transgender for everybody, men in women’s sports, DEI, horrible trade deals, rampant crime, and so much more! President Xi was not referring to the incredible rise that the United States has displayed to the world during the 16 spectacular months of the Trump Administration, which includes all-time high stock markets and 401K’s, military victory and thriving relationship in Venezuela, the military decimation of Iran (to be continued!) — Strongest military on earth by far, economic powerhouse again, with a record 18 trillion dollars being invested into the United States by others, best U.S. job market in history, with more people working in the United States right now than ever before, ending country destroying DEI, and so many other things that it would be impossible to readily list. In fact, President Xi congratulated me on so many tremendous successes in such a short period of time.Two years ago, we were, in fact, a Nation in decline. On that, I fully agree with President Xi! But now, the United States is the hottest Nation anywhere in the world, and hopefully our relationship with China will be stronger and better than ever before!"
2026-05-14T02:28:14.578Z,116570567119694784,https://truthsocial.com/@realDonaldTrump/116570567119694784,no,
2026-05-14T02:27:54.930Z,116570565832082360,https://truthsocial.com/@realDonaldTrump/116570565832082360,no,
2026-05-13T19:25:32.911Z,116568905013516663,https://truthsocial.com/@realDonaldTrump/116568905013516663,no,
2026-05-13T04:54:32.609Z,116565480086717671,https://truthsocial.com/@realDonaldTrump/116565480086717671,yes,"RT @realDonaldTrumpCNBC incorrectly reported that the Great Jensen Huang, of Nvidia, was not invited to the incredible gathering of the World’s Greatest Businessmen/women proudly going to China. In actuality, Jensen is currently on Air Force One and, unless I ask him to leave, which is highly unlikely, CNBC’s reporting is incorrect or, as they say in politics, FAKE NEWS! It is an Honor to have Jensen, Elon, Tim Apple, Larry Fink, Stephen Schwarzmann, Kelly Ortberg (Boeing), Brian Sikes (Cargill), Jane Fraser (Citi), Larry Culp (GE Aerospace), David Solomon (Goldman Sachs), Sanjay Mehrotra (Micron), Cristiano Amon (Qualcomm), and many others journeying to the Great Country of China where I will be asking President Xi, a Leader of extraordinary distinction, to “open up” China so that these brilliant people can work their magic, and help bring the People’s Republic to an even higher level! In fact, I promise, that when we are together, which will be in a matter of hours, I will make that my very first request. I have never seen or heard of any idea that would be more beneficial to our incredible Countries! President DONALD J. TRUMP"
2026-05-13T04:11:29.014Z,116565310767957780,https://truthsocial.com/@realDonaldTrump/116565310767957780,no,"The guy that came up to Mitch McConnell today when McConnell thought the hearing was over, and started speaking in his ear for Mitch to belatedly introduce some other people, all Democrats and, by doing so, made Mitch look foolish and completely out of it, should be immediately fired! This was a case where Mitch wasn’t confused, he just didn’t understand why he was being asked to do something when it was too late, and people were wrapping up to leave — They wanted to go home. His name is Robert Karem, he is a Never Trumper, and was grandstanding — trying to show how “important” he was! Karem has tremendous Democrat support, far greater than he should have, and is praised relentlessly by Obama’s people. He is probably the reason why Mitch McConnell is stupidly opposed to terminating the Filibuster, and refuses to help with a 97% issue, THE SAVE AMERICA ACT. FIRE THE BUM! President DONALD J. TRUMP"
2026-05-13T03:29:48.277Z,116565146879672529,https://truthsocial.com/@realDonaldTrump/116565146879672529,no,
2026-05-13T03:10:56.434Z,116565072703201105,https://truthsocial.com/@realDonaldTrump/116565072703201105,no,
2026-05-13T03:09:25.703Z,116565066757116256,https://truthsocial.com/@realDonaldTrump/116565066757116256,no,"CNBC incorrectly reported that the Great Jensen Huang, of Nvidia, was not invited to the incredible gathering of the World’s Greatest Businessmen/women proudly going to China. In actuality, Jensen is currently on Air Force One and, unless I ask him to leave, which is highly unlikely, CNBC’s reporting is incorrect or, as they say in politics, FAKE NEWS! It is an Honor to have Jensen, Elon, Tim Apple, Larry Fink, Stephen Schwarzmann, Kelly Ortberg (Boeing), Brian Sikes (Cargill), Jane Fraser (Citi), Larry Culp (GE Aerospace), David Solomon (Goldman Sachs), Sanjay Mehrotra (Micron), Cristiano Amon (Qualcomm), and many others journeying to the Great Country of China where I will be asking President Xi, a Leader of extraordinary distinction, to “open up” China so that these brilliant people can work their magic, and help bring the People’s Republic to an even higher level! In fact, I promise, that when we are together, which will be in a matter of hours, I will make that my very first request. I have never seen or heard of any idea that would be more beneficial to our incredible Countries! President DONALD J. TRUMP"
2026-05-13T02:46:00.522Z,116564974667375136,https://truthsocial.com/@realDonaldTrump/116564974667375136,no,
2026-05-13T02:45:44.705Z,116564973630507430,https://truthsocial.com/@realDonaldTrump/116564973630507430,no,
2026-05-13T02:45:32.509Z,116564972831217674,https://truthsocial.com/@realDonaldTrump/116564972831217674,no,
2026-05-13T02:45:23.673Z,116564972252388554,https://truthsocial.com/@realDonaldTrump/116564972252388554,no,
2026-05-13T02:45:09.338Z,116564971312769624,https://truthsocial.com/@realDonaldTrump/116564971312769624,no,
2026-05-13T02:44:54.204Z,116564970320910986,https://truthsocial.com/@realDonaldTrump/116564970320910986,no,
2026-05-13T00:15:50.910Z,116564384213412547,https://truthsocial.com/@realDonaldTrump/116564384213412547,no,
2026-05-13T00:14:57.813Z,116564380733370846,https://truthsocial.com/@realDonaldTrump/116564380733370846,no,
2026-05-13T00:14:48.204Z,116564380103642090,https://truthsocial.com/@realDonaldTrump/116564380103642090,no,
2026-05-12T23:10:45.008Z,116564128236086740,https://truthsocial.com/@realDonaldTrump/116564128236086740,no,"If you’d like to see the construction of the Reflecting Pool located between the Washington Monument and the Lincoln Memorial, and look at the beginning of what will be the final sparkling blue surface, go check it out, now! Obama and Biden, they say, spent over 100 Million Dollars, with years under construction, and it never worked — It leaked like a sieve, looked terrible, was closed most of the time, and was a complete disaster. They ultimately gave up on the project, declaring that it was impossible to fix! Then along came “TRUMP!” Doug Burgum and his team, at the Department of Interior, are doing an excellent job on a very complex, but solvable, problem. When it is complete, there will be no leakage, which there was since its 1922 construction, and it will SPARKLE magnificently as the water is put in, and begins to rise. A very tricky and difficult construction job will yield a beautiful result! President DONALD J. TRUMP"
2026-05-12T23:07:20.696Z,116564114846189487,https://truthsocial.com/@realDonaldTrump/116564114846189487,no,I WANT YOU!
2026-05-12T22:54:11.063Z,116564063096952080,https://truthsocial.com/@realDonaldTrump/116564063096952080,no,
2026-05-12T20:24:03.202Z,116563472755399975,https://truthsocial.com/@realDonaldTrump/116563472755399975,no,"When the Fake News says that the Iranian enemy is doing well, Militarily, against us, it’s virtual TREASON in that it is such a false, and even preposterous, statement. They are aiding and abetting the enemy! All it does is give Iran false hope when none should exist. These are American cowards that are rooting against our Country. Iran had 159 ships in their Navy — Every single ship is now resting at the bottom of the sea. They have no Navy, their Air Force is gone, all Technology is gone, their “leaders” are no longer with us, and the Country is an Economic Disaster. Only Losers, Ingrates, and Fools are able to make a case against America! President DONALD J. TRUMP"
2026-05-12T19:27:55.620Z,116563252057470018,https://truthsocial.com/@realDonaldTrump/116563252057470018,no,"I want to thank Dr. Marty Makary for having done a great job at the FDA. So much was accomplished under his leadership. He was a hard worker, who was respected by all, and will go on to have an outstanding career in Medicine. Kyle Diamantas, a very talented person, will be put in the Acting position. President DONALD J. TRUMP"
2026-05-12T19:27:13.345Z,116563249285039587,https://truthsocial.com/@realDonaldTrump/116563249285039587,no,
2026-05-12T16:34:14.814Z,116562569117684332,https://truthsocial.com/@realDonaldTrump/116562569117684332,no,
2026-05-12T12:03:02.342Z,116561502689037343,https://truthsocial.com/@realDonaldTrump/116561502689037343,no,
2026-05-12T11:57:58.992Z,116561482808748111,https://truthsocial.com/@realDonaldTrump/116561482808748111,no,
2026-05-12T11:56:24.743Z,116561476632071269,https://truthsocial.com/@realDonaldTrump/116561476632071269,no,
2026-05-12T11:56:08.930Z,116561475595963760,https://truthsocial.com/@realDonaldTrump/116561475595963760,no,
2026-05-12T11:55:48.252Z,116561474240545038,https://truthsocial.com/@realDonaldTrump/116561474240545038,no,
2026-05-12T11:55:23.825Z,116561472639685979,https://truthsocial.com/@realDonaldTrump/116561472639685979,no,
2026-05-12T11:54:50.637Z,116561470464754421,https://truthsocial.com/@realDonaldTrump/116561470464754421,no,
2026-05-12T11:54:31.539Z,116561469213289147,https://truthsocial.com/@realDonaldTrump/116561469213289147,no,
2026-05-12T11:54:23.453Z,116561468683142073,https://truthsocial.com/@realDonaldTrump/116561468683142073,no,
2026-05-12T11:53:26.338Z,116561464935833982,https://truthsocial.com/@realDonaldTrump/116561464935833982,no,
2026-05-12T11:52:13.405Z,116561460158049642,https://truthsocial.com/@realDonaldTrump/116561460158049642,no,"No Republican has ever spoken to me about Cuba, which is a failed country and only heading in one direction - down! Cuba is asking for help, and we are going to talk!!! In the meantime, I’m off to China! President DJT"
2026-05-12T10:46:33.713Z,116561201966385448,https://truthsocial.com/@realDonaldTrump/116561201966385448,no,"The Failing New York Times, which is one of the worst newspapers anywhere in the World, and is losing subscribers on an hourly basis, is now at it again. Just like they covered my Landslide 2024 Presidential Election Victory inaccurately, and without shame, constantly making major mistakes and incorrect predictions at every path along the way, they are now trying to justify Obama and Biden’s expensively botched attempt at fixing the long broken, unsightly, and unsanitary Reflecting Pool that NOW sits majestically between the Washington Monument and the Lincoln Memorial. They squandered at least 55 Million Dollars haplessly trying, with no chance of success, to get the Reflecting Pool to work. Instead, they made it worse, keeping it closed for years, and ending up with a leaking, smelling, ode to both of their failed Administrations. It was an embarrassment to Washington, D.C., and to our Country, itself. Despite the vast sums of money spent, they never got the pool to work, and cosmetically it was a total mess for all to see. Now, along comes “TRUMP,” who is asked by many patriots if I can fix it. The answer is a resounding, YES, and for a “tiny” fraction of the cost! I worked with our now strong Department of the Interior and explained to them that we should view this as a highly sophisticated swimming pool, not the leaking, dilapidated facade, joints and all, of a building. Instead of taking 4 years to build, at a cost, granite pavers and all, of 400 Million Dollars, we could construct a far superior Reflecting Pool for 5 or 6 Million Dollars, and could complete the project in 2 weeks rather than 4 years. What a difference in time and money, and for a far superior end result! This is not just a paint job, like lowlife “reporter,” David Fahrenthold, of the NYT so inaccurately and maliciously stated, it is a deeply complicated work of smart and beautiful construction. It won’t leak, it will shine, and be the pride of Washington D.C. for decades to come. I saved more than 390 Million Dollars, and 4 years of no “mess,” and was, of course, given no credit by the biased New York Times. Also, I didn’t give out the contract, “Interior” did, to a contractor I did not know, and have never used before. Thank you for your attention to this matter! President DJT"
2026-05-12T03:28:31.867Z,116559479555488813,https://truthsocial.com/@realDonaldTrump/116559479555488813,no,RT: https://truthsocial.com/users/realDonaldTrump/statuses/116559478528436720
2026-05-12T03:28:16.168Z,116559478528436720,https://truthsocial.com/@realDonaldTrump/116559478528436720,no,
2026-05-12T03:03:54.886Z,116559382760099005,https://truthsocial.com/@realDonaldTrump/116559382760099005,no,RT: https://truthsocial.com/users/realDonaldTrump/statuses/116559381063637126
2026-05-12T03:03:28.969Z,116559381063637126,https://truthsocial.com/@realDonaldTrump/116559381063637126,no,
2026-05-12T03:01:05.789Z,116559371678109616,https://truthsocial.com/@realDonaldTrump/116559371678109616,no,RT: https://truthsocial.com/users/realDonaldTrump/statuses/116559368204816398
2026-05-12T03:00:12.763Z,116559368204816398,https://truthsocial.com/@realDonaldTrump/116559368204816398,no,
2026-05-12T02:53:01.190Z,116559339919578989,https://truthsocial.com/@realDonaldTrump/116559339919578989,no,RT: https://truthsocial.com/users/realDonaldTrump/statuses/116559333373865983
2026-05-12T02:51:21.285Z,116559333373865983,https://truthsocial.com/@realDonaldTrump/116559333373865983,no,
2026-05-12T02:51:14.006Z,116559332894905506,https://truthsocial.com/@realDonaldTrump/116559332894905506,no,RT: https://truthsocial.com/users/realDonaldTrump/statuses/116559327976654295
2026-05-12T02:49:58.928Z,116559327976654295,https://truthsocial.com/@realDonaldTrump/116559327976654295,no,
2026-05-12T02:49:00.399Z,116559324139019911,https://truthsocial.com/@realDonaldTrump/116559324139019911,no,RT: https://truthsocial.com/users/realDonaldTrump/statuses/116559323120268816
2026-05-12T02:48:44.827Z,116559323120268816,https://truthsocial.com/@realDonaldTrump/116559323120268816,no,
2026-05-12T02:47:50.123Z,116559319533253218,https://truthsocial.com/@realDonaldTrump/116559319533253218,no,RT: https://truthsocial.com/users/realDonaldTrump/statuses/116559318573932949
2026-05-12T02:47:35.454Z,116559318573932949,https://truthsocial.com/@realDonaldTrump/116559318573932949,no,
2026-05-12T02:47:16.036Z,116559317299457396,https://truthsocial.com/@realDonaldTrump/116559317299457396,no,RT: https://truthsocial.com/users/realDonaldTrump/statuses/116559316327648193
2026-05-12T02:47:01.183Z,116559316327648193,https://truthsocial.com/@realDonaldTrump/116559316327648193,no,
2026-05-12T02:42:14.962Z,116559297568352087,https://truthsocial.com/@realDonaldTrump/116559297568352087,no,RT: https://truthsocial.com/users/realDonaldTrump/statuses/116559296757619407
2026-05-12T02:42:02.565Z,116559296757619407,https://truthsocial.com/@realDonaldTrump/116559296757619407,no,
2026-05-12T02:41:49.771Z,116559295917265709,https://truthsocial.com/@realDonaldTrump/116559295917265709,no,RT: https://truthsocial.com/users/realDonaldTrump/statuses/116559294847353727
2026-05-12T02:41:33.416Z,116559294847353727,https://truthsocial.com/@realDonaldTrump/116559294847353727,no,
2026-05-12T02:41:21.687Z,116559294076784521,https://truthsocial.com/@realDonaldTrump/116559294076784521,no,RT: https://truthsocial.com/users/realDonaldTrump/statuses/116559293173830138
2026-05-12T02:41:07.878Z,116559293173830138,https://truthsocial.com/@realDonaldTrump/116559293173830138,no,
2026-05-12T02:40:53.982Z,116559292261176867,https://truthsocial.com/@realDonaldTrump/116559292261176867,no,RT: https://truthsocial.com/users/realDonaldTrump/statuses/116559291176181207
2026-05-12T02:40:37.398Z,116559291176181207,https://truthsocial.com/@realDonaldTrump/116559291176181207,no,
2026-05-12T02:40:24.883Z,116559290355838392,https://truthsocial.com/@realDonaldTrump/116559290355838392,no,
2026-05-12T02:40:06.174Z,116559289129734311,https://truthsocial.com/@realDonaldTrump/116559289129734311,no,They are working hard!
2026-05-12T02:39:44.538Z,116559287710140973,https://truthsocial.com/@realDonaldTrump/116559287710140973,no,RT: https://truthsocial.com/users/realDonaldTrump/statuses/116559285863740366
2026-05-12T02:39:16.335Z,116559285863740366,https://truthsocial.com/@realDonaldTrump/116559285863740366,no,
2026-05-12T02:39:02.927Z,116559284982873496,https://truthsocial.com/@realDonaldTrump/116559284982873496,no,RT: https://truthsocial.com/users/realDonaldTrump/statuses/116559283950642943
2026-05-12T02:38:47.147Z,116559283950642943,https://truthsocial.com/@realDonaldTrump/116559283950642943,no,
2026-05-12T02:30:46.503Z,116559252449445834,https://truthsocial.com/@realDonaldTrump/116559252449445834,no,RT: https://truthsocial.com/users/realDonaldTrump/statuses/116559251571419395
2026-05-12T02:30:33.075Z,116559251571419395,https://truthsocial.com/@realDonaldTrump/116559251571419395,no,
2026-05-12T02:30:20.259Z,116559250731312475,https://truthsocial.com/@realDonaldTrump/116559250731312475,no,
2026-05-12T02:30:00.712Z,116559249448484519,https://truthsocial.com/@realDonaldTrump/116559249448484519,no,RT: https://truthsocial.com/users/realDonaldTrump/statuses/116559248387365513
2026-05-12T02:29:44.494Z,116559248387365513,https://truthsocial.com/@realDonaldTrump/116559248387365513,no,
2026-05-12T02:29:30.835Z,116559247492323354,https://truthsocial.com/@realDonaldTrump/116559247492323354,no,
2026-05-12T02:29:05.659Z,116559245840399803,https://truthsocial.com/@realDonaldTrump/116559245840399803,no,RT: https://truthsocial.com/users/realDonaldTrump/statuses/116559244826043931
2026-05-12T02:28:50.150Z,116559244826043931,https://truthsocial.com/@realDonaldTrump/116559244826043931,no,
2026-05-12T02:27:39.784Z,116559240212640965,https://truthsocial.com/@realDonaldTrump/116559240212640965,no,RT: https://truthsocial.com/users/realDonaldTrump/statuses/116559238050447596
2026-05-12T02:27:06.763Z,116559238050447596,https://truthsocial.com/@realDonaldTrump/116559238050447596,no,
2026-05-12T02:24:07.198Z,116559226280602052,https://truthsocial.com/@realDonaldTrump/116559226280602052,no,RT: https://truthsocial.com/users/realDonaldTrump/statuses/116559223384890432
2026-05-12T02:23:47.029Z,116559224958617594,https://truthsocial.com/@realDonaldTrump/116559224958617594,no,RT: https://truthsocial.com/users/realDonaldTrump/statuses/116559222946047482
2026-05-12T02:23:22.984Z,116559223384890432,https://truthsocial.com/@realDonaldTrump/116559223384890432,no,
2026-05-12T02:23:16.289Z,116559222946047482,https://truthsocial.com/@realDonaldTrump/116559222946047482,no,
2026-05-12T02:23:08.961Z,116559222465838026,https://truthsocial.com/@realDonaldTrump/116559222465838026,no,
2026-05-12T02:22:49.074Z,116559221160544054,https://truthsocial.com/@realDonaldTrump/116559221160544054,no,RT: https://truthsocial.com/users/realDonaldTrump/statuses/116559220008333867
2026-05-12T02:22:31.463Z,116559220008333867,https://truthsocial.com/@realDonaldTrump/116559220008333867,no,
2026-05-12T02:22:16.404Z,116559219019568478,https://truthsocial.com/@realDonaldTrump/116559219019568478,no,RT: https://truthsocial.com/users/realDonaldTrump/statuses/116559203249761495
2026-05-12T02:18:15.749Z,116559203249761495,https://truthsocial.com/@realDonaldTrump/116559203249761495,no,
2026-05-12T02:15:50.963Z,116559193759398597,https://truthsocial.com/@realDonaldTrump/116559193759398597,no,RT: https://truthsocial.com/users/realDonaldTrump/statuses/116559192697541893
2026-05-12T02:15:34.763Z,116559192697541893,https://truthsocial.com/@realDonaldTrump/116559192697541893,no,RT: https://truthsocial.com/users/realDonaldTrump/statuses/116559191592433637
2026-05-12T02:15:17.871Z,116559191592433637,https://truthsocial.com/@realDonaldTrump/116559191592433637,no,
2026-05-12T02:15:03.009Z,116559190616574902,https://truthsocial.com/@realDonaldTrump/116559190616574902,no,RT: https://truthsocial.com/users/realDonaldTrump/statuses/116559188641047953
2026-05-12T02:14:32.836Z,116559188641047953,https://truthsocial.com/@realDonaldTrump/116559188641047953,no,
2026-05-11T23:28:12.201Z,116558534552033932,https://truthsocial.com/@realDonaldTrump/116558534552033932,no,"As I said at my State of the Union Address on February 25th, the American Dream of Homeownership is under attack. For example, Rachel Wiggins, a mom of two, from Houston, placed bids on 20 homes, and lost all of those bids to gigantic Investment Firms that bypassed inspection, paid all cash, and turned those houses into rentals, stealing away her American Dream — She was devastated! Stories like this are why I signed an Executive Order to ban large Wall Street Investment Firms from buying up single-family homes. Also, in my speech, I called for Congress to save the American Dream of Homeownership, and ban these purchases, PERMANENTLY! Senators Bernie Moreno and Tim Scott have worked to ensure my call becomes a reality, and have a Bill which has passed the Senate with nearly 90 votes. I am asking Congress to pass that Bill, the 21st Century ROAD to Housing Act, which would ensure that homes are for people, not Corporations. Thank you for your attention to this matter! President DONALD J. TRUMP"
2026-05-11T23:14:00.920Z,116558478762586433,https://truthsocial.com/@realDonaldTrump/116558478762586433,no,"The South Carolina State Senate has a big vote tomorrow on Redistricting. I’m watching closely, along with all Republicans across the Country who are counting on their Elected Leaders to use every Legal and Constitutional authority they have to stop the Radical Left Democrats from destroying our Country, including leveling the playing field against their decades of egregious Gerrymandering and Census Rigging. South Carolina Republicans: BE BOLD AND COURAGEOUS, just like the Republicans of the Great State of Tennessee were last week! Move the U.S. House Primaries to August, leave the rest on the same schedule. Everything will be fine. GET IT DONE! President DONALD J. TRUMP"
2026-05-11T22:02:41.548Z,116558198309722328,https://truthsocial.com/@realDonaldTrump/116558198309722328,no,"It is my Great Honor to nominate Michael Martin to serve as Judge on the U.S. District Court for the Eastern District of Michigan! Mike has served as a Federal Prosecutor for more than two decades, primarily as an Assistant U.S. Attorney for the Eastern District of Michigan. He is the Chief of the Office’s Criminal Division, and former Chief of its National Security Unit. Receiving his J.D. from Boston College Law School, M.A. in National Security Studies from Georgetown University, and B.A. from Miami University, Mike also clerked for the late Judges Hugh Bownes and Edward F. Harrington. The people of Michigan are truly fortunate that a great public servant like Mike is joining the Federal Bench. Congratulations Mike!"
2026-05-11T22:01:55.082Z,116558195264551168,https://truthsocial.com/@realDonaldTrump/116558195264551168,no,"I am pleased to announce the nomination of Antonio Pozos to serve as Judge on the U.S. District Court for the Eastern District of Pennsylvania. A partner at a major Law Firm in Philadelphia, Tony brings great experience to his new role, previously serving as a Federal Prosecutor handling major fraud and corruption cases. Tony clerked for Judge Anthony J. Trenga, and received his J.D. from the University of Michigan Law School, and B.A. from Harvard College. Tony will be a fantastic Federal Judge for the Great People of Pennsylvania. Congratulations Tony!"
2026-05-11T22:01:05.608Z,116558192022164843,https://truthsocial.com/@realDonaldTrump/116558192022164843,no,"I am proud to announce the nomination of Angela Colmenero to serve as Judge on the United States District Court for the Southern District of Texas. Angela has done an incredible job as Deputy Chief of Staff to Governor Greg Abbott and, previously, as his Principal Deputy General Counsel. Before joining the Governor’s Office, Angela worked as an attorney, and Senior Official in the Office of the Texas Attorney General. A proud graduate of Notre Dame Law School and the University of Texas, Angela clerked for Judge A. Joe Fish, and is well prepared to serve the wonderful people of Texas. She will do a tremendous job, and always protect our Great Constitution. Congratulations Angela!"
2026-05-11T22:00:19.621Z,116558189008383685,https://truthsocial.com/@realDonaldTrump/116558189008383685,no,"I am pleased to nominate Kasdin Mitchell to serve as Judge on the United States District Court for the Northern District of Texas. Kasdin received her Bachelor’s Degree from Yale University, and her Juris Doctor from Yale Law School, one of the top Law Schools in the Country! After clerking for both Justice Clarence Thomas and Judge William Pryor, Kasdin is now a partner at Kirkland and Ellis in Dallas, Texas, and has a strong record of fiercely defending the Second Amendment and Religious Liberty, which are always under siege by the Radical Left. I have no doubt that Kasdin will be a Powerful Defender of the Rule of Law in the GREAT State of Texas. Congratulations Kasdin!"
2026-05-11T21:59:38.767Z,116558186330973609,https://truthsocial.com/@realDonaldTrump/116558186330973609,no,"I am pleased to announce the nomination of Daniel Domenico to serve as Judge on the United States Court of Appeals for the Tenth Circuit in Colorado. As a Judge on the Federal District Court in Colorado, Dan has displayed an exemplary record of protecting Citizens’ Constitutional Rights. Before becoming a Judge, Dan spent a decade as Colorado’s Solicitor General where he defended Colorado’s Taxpayer Bill of Rights, and challenged Radical Government Overreach. A proud graduate of Georgetown University and University of Virginia School of Law, Dan was the first Law Clerk of the Great Judge Timothy Tymkovich, and is now being nominated to succeed him on the Court. The wonderful people of Colorado can have great confidence that Dan will deliver strong results, defend the Constitution, and uphold the Rule of Law on the Tenth Circuit. Congratulations Dan!"
2026-05-11T21:58:24.373Z,116558181455512054,https://truthsocial.com/@realDonaldTrump/116558181455512054,no,"I am pleased to announce the nomination of Daniel Traynor to serve as Judge on the United States Court of Appeals for the Eighth Circuit in North Dakota. During his time as a Federal District Court Judge, Daniel has issued courageous decisions, and blocked illegal Federal Government actions under the previous Administration. Daniel received his Undergraduate and Law Degrees from the University of North Dakota and, before becoming a Judge, was an incredible attorney, and Law Clerk to Chief Justice Gerald W. VandeWalle of the North Dakota Supreme Court. The Citizens of the Eighth Circuit will have a true Constitutional Champion with Daniel on the Bench. Congratulations Daniel!"
2026-05-11T21:55:42.811Z,116558170867310769,https://truthsocial.com/@realDonaldTrump/116558170867310769,no,"I am very much looking forward to my trip to China, an amazing Country, with a Leader, President Xi, respected by all. Great things will happen for both Countries! President DONALD J. TRUMP"
2026-05-11T11:56:09.682Z,116555813332345064,https://truthsocial.com/@realDonaldTrump/116555813332345064,no,"Red states follow Trump’s model, seek to rid Islamist influence in local lawmaking: https://justthenews.com/politics-policy/red-states-follow-trumps-model-seek-de-islamify-homeland"
2026-05-11T02:31:10.141Z,116553591692058270,https://truthsocial.com/@realDonaldTrump/116553591692058270,no,https://truthsocial.com/users/talkthestreet/statuses/116553400784613678
2026-05-11T02:30:36.954Z,116553589516972580,https://truthsocial.com/@realDonaldTrump/116553589516972580,no,https://truthsocial.com/users/talkthestreet/statuses/116553428619269411
2026-05-11T02:30:05.935Z,116553587484190089,https://truthsocial.com/@realDonaldTrump/116553587484190089,no,https://truthsocial.com/users/talkthestreet/statuses/116553406635749528
2026-05-11T02:29:51.488Z,116553586537498656,https://truthsocial.com/@realDonaldTrump/116553586537498656,no,https://truthsocial.com/users/lauramarks/statuses/116553381753696135
2026-05-11T02:29:33.779Z,116553585376826272,https://truthsocial.com/@realDonaldTrump/116553585376826272,no,https://truthsocial.com/users/IStandWithTrump47/statuses/116553400714497109
2026-05-11T02:28:58.312Z,116553583052530415,https://truthsocial.com/@realDonaldTrump/116553583052530415,no,https://truthsocial.com/users/IStandWithTrump47/statuses/116553387764258772
2026-05-11T02:28:15.133Z,116553580222628953,https://truthsocial.com/@realDonaldTrump/116553580222628953,no,https://truthsocial.com/users/mazurikl/statuses/116553394243150785
2026-05-11T02:27:19.223Z,116553576558537687,https://truthsocial.com/@realDonaldTrump/116553576558537687,no,https://truthsocial.com/users/IStandWithTrump47/statuses/116553460562965902
2026-05-11T02:26:26.177Z,116553573082083140,https://truthsocial.com/@realDonaldTrump/116553573082083140,no,https://truthsocial.com/users/IStandWithTrump47/statuses/116553395824743215
2026-05-11T02:26:03.659Z,116553571606271755,https://truthsocial.com/@realDonaldTrump/116553571606271755,no,https://truthsocial.com/users/IStandWithTrump47/statuses/116553392249496256  It is going up fast!!!
2026-05-11T02:25:22.124Z,116553568884302823,https://truthsocial.com/@realDonaldTrump/116553568884302823,no,https://truthsocial.com/users/IStandWithTrump47/statuses/116553475587406429
2026-05-11T02:25:05.384Z,116553567787329878,https://truthsocial.com/@realDonaldTrump/116553567787329878,no,https://truthsocial.com/users/IStandWithTrump47/statuses/116553393188507695
2026-05-11T02:24:31.087Z,116553565539501959,https://truthsocial.com/@realDonaldTrump/116553565539501959,no,https://truthsocial.com/users/IStandWithTrump47/statuses/116553484785010798
2026-05-11T02:24:07.016Z,116553563962076412,https://truthsocial.com/@realDonaldTrump/116553563962076412,no,https://truthsocial.com/users/hddubbleu/statuses/116553385891501526
2026-05-11T02:23:46.533Z,116553562619701021,https://truthsocial.com/@realDonaldTrump/116553562619701021,no,https://truthsocial.com/users/GNorberg/statuses/116553381326742011
2026-05-11T02:22:44.428Z,116553558549486258,https://truthsocial.com/@realDonaldTrump/116553558549486258,no,https://truthsocial.com/users/IStandWithTrump47/statuses/116553398235372202
2026-05-11T02:22:22.915Z,116553557139673047,https://truthsocial.com/@realDonaldTrump/116553557139673047,no,https://truthsocial.com/users/IStandWithTrump47/statuses/116553457917637472
2026-05-11T01:36:21.695Z,116553376180343363,https://truthsocial.com/@realDonaldTrump/116553376180343363,no,Excellent Poll Numbers. Thank you!
2026-05-11T00:43:42.759Z,116553169158972167,https://truthsocial.com/@realDonaldTrump/116553169158972167,yes,"RT @realDonaldTrumpI “Love” Justice Neil Gorsuch! He’s a really smart and good man, but he voted against me, and our Country, on Tariffs, a devastating move. How do I reconcile this? So bad, and hurtful to our Country. I have, likewise, always liked and respected Amy Coney Barrett, but the same thing with her. They were appointed by me, and yet have hurt our Country so badly! I do not believe they meant to do so, but their decision on Tariffs cost the United States 159 Billion Dollars that we have to pay back to enemies, and people, companies, and Countries, that have been ripping us off for years. It’s hardly believable! They could have solved that situation with a “tiny” sentence, “Any money paid by others to the United States does not have to be paid back.” Why wouldn’t they have done so? With certain Republican Nominated Justices that we have on the Supreme Court, the Democrats don’t really need to “PACK THE COURT” any longer. In fact, I should be the one wanting to PACK THE COURT! I’m working so hard to, MAKE AMERICA GREAT AGAIN, and then people that I appointed have shown so little respect to our Country, and its people. What is the reason for this? They have to do the right thing, but it’s really OK for them to be loyal to the person that appointed them to “almost” the highest position in the land, that is, a Justice of the United States Supreme Court. Democrat Justices always remain true to the people that honored them for that very special Nomination. They don’t waver, no matter how good or bad a case may be, but Republican Justices often go out of their way to oppose me, because they want to show how “independent” or, “above it all,” they are. I got elected in a Landslide, including winning the Popular Vote, all seven Swing States, an Electoral College “clobbering,” and all U.S. Counties, by 86%, 2,750 to 525. I choose people to help our Country, not to hurt it, and now, based on what I witnessed recently by being the first President in History to attend a Supreme Court session (Which fact was not even recognized or acknowledged, out of respect for the position of President, by the Court — Something which did not go unnoticed by the Fake News Media!), they will be ruling against us on Birthright Citizenship, making us the only Country in the World that practices this unsustainable, unsafe, and incredibly costly DISASTER. I don’t want loyalty, but I do want and expect it for our Country. Yes, I have another way of doing Tariffs, but it is far slower, and more laborious than what was just determined, in a close decision, to be “illegal” or “unconstitutional,” with three powerful, and highly accurate, dissents! Well, maybe Neil, and Amy, just had a really bad day, but our Country can only handle so many decisions of that magnitude before it breaks down, and cracks!!! Sometimes decisions have to be allowed to use Good, Strong, Common Sense as a guide. A negative ruling on Birthright Citizenship, on top of the recent Supreme Court Tariff catastrophe, is not Economically sustainable for the United States of America! President DONALD J. TRUMP"
2026-05-11T00:43:39.956Z,116553168974979276,https://truthsocial.com/@realDonaldTrump/116553168974979276,yes,"RT @realDonaldTrumpThe Magnificent Ballroom, under construction, and ahead of schedule, at the White House! President DONALD J. TRUMP"
2026-05-11T00:43:37.245Z,116553168797336891,https://truthsocial.com/@realDonaldTrump/116553168797336891,yes,"RT @realDonaldTrumpYou could listen to FoxNews all day long, absolutely devour it, but then, when you hear SLEAZEBAGS, like Congressman Ro Khanna, “a wolf in sheep’s clothing,” LIE, LIE, LIE, AND LIE AGAIN, without any pushback, or competent rebuttal from an anchor, in this case, Jacqui Heinrich, the entire Common Sense dialogue that has been going on all day at Fox is completely obliterated! Why would Fox put SCUM like this on, or others, such as Low Rated Bill Maher, who gains “credibility” by constant referral to him as though he were a Liberal source of “Wisdom,” or very Low IQ Hakeem Jeffries, who considers the Supreme Court “illegitimate,” and probably hates our Country. No matter how “Fair and Balanced” the day’s News at Fox may be, the end result is destroyed by professional Liars, Conmen, and Liberal, Crooked Politicians. This is why MAGA Republicans, who are actually close to 100% of the Party, hate Fox, despite the wonderful contributions made by so many of their great anchors and commentators. Hard to win Elections like this! President DONALD J. TRUMP"
2026-05-11T00:43:34.338Z,116553168606874710,https://truthsocial.com/@realDonaldTrump/116553168606874710,yes,"RT @realDonaldTrump“Any money paid to the United States of America does not have to be paid back” — That sentence, if added by the Supreme Court to its highly disputed Tariff decision, would have saved America 159 Billion Dollars! President DONALD J. TRUMP"
2026-05-11T00:43:31.137Z,116553168397093593,https://truthsocial.com/@realDonaldTrump/116553168397093593,yes,RT @realDonaldTrumpThe Radical Left Dumacrats must fail — Our Country is at stake! President DONALD J. TRUMP
2026-05-11T00:43:18.633Z,116553167577514485,https://truthsocial.com/@realDonaldTrump/116553167577514485,no,
2026-05-11T00:43:07.387Z,116553166840569124,https://truthsocial.com/@realDonaldTrump/116553166840569124,no,
2026-05-10T22:34:09.330Z,116552659719497289,https://truthsocial.com/@realDonaldTrump/116552659719497289,no,"I “Love” Justice Neil Gorsuch! He’s a really smart and good man, but he voted against me, and our Country, on Tariffs, a devastating move. How do I reconcile this? So bad, and hurtful to our Country. I have, likewise, always liked and respected Amy Coney Barrett, but the same thing with her. They were appointed by me, and yet have hurt our Country so badly! I do not believe they meant to do so, but their decision on Tariffs cost the United States 159 Billion Dollars that we have to pay back to enemies, and people, companies, and Countries, that have been ripping us off for years. It’s hardly believable! They could have solved that situation with a “tiny” sentence, “Any money paid by others to the United States does not have to be paid back.” Why wouldn’t they have done so? With certain Republican Nominated Justices that we have on the Supreme Court, the Democrats don’t really need to “PACK THE COURT” any longer. In fact, I should be the one wanting to PACK THE COURT! I’m working so hard to, MAKE AMERICA GREAT AGAIN, and then people that I appointed have shown so little respect to our Country, and its people. What is the reason for this? They have to do the right thing, but it’s really OK for them to be loyal to the person that appointed them to “almost” the highest position in the land, that is, a Justice of the United States Supreme Court. Democrat Justices always remain true to the people that honored them for that very special Nomination. They don’t waver, no matter how good or bad a case may be, but Republican Justices often go out of their way to oppose me, because they want to show how “independent” or, “above it all,” they are. I got elected in a Landslide, including winning the Popular Vote, all seven Swing States, an Electoral College “clobbering,” and all U.S. Counties, by 86%, 2,750 to 525. I choose people to help our Country, not to hurt it, and now, based on what I witnessed recently by being the first President in History to attend a Supreme Court session (Which fact was not even recognized or acknowledged, out of respect for the position of President, by the Court — Something which did not go unnoticed by the Fake News Media!), they will be ruling against us on Birthright Citizenship, making us the only Country in the World that practices this unsustainable, unsafe, and incredibly costly DISASTER. I don’t want loyalty, but I do want and expect it for our Country. Yes, I have another way of doing Tariffs, but it is far slower, and more laborious than what was just determined, in a close decision, to be “illegal” or “unconstitutional,” with three powerful, and highly accurate, dissents! Well, maybe Neil, and Amy, just had a really bad day, but our Country can only handle so many decisions of that magnitude before it breaks down, and cracks!!! Sometimes decisions have to be allowed to use Good, Strong, Common Sense as a guide. A negative ruling on Birthright Citizenship, on top of the recent Supreme Court Tariff catastrophe, is not Economically sustainable for the United States of America! President DONALD J. TRUMP"
2026-05-10T22:14:44.012Z,116552583348896285,https://truthsocial.com/@realDonaldTrump/116552583348896285,no,"The Magnificent Ballroom, under construction, and ahead of schedule, at the White House! President DONALD J. TRUMP"
2026-05-10T22:13:09.844Z,116552577177859102,https://truthsocial.com/@realDonaldTrump/116552577177859102,no,"You could listen to FoxNews all day long, absolutely devour it, but then, when you hear SLEAZEBAGS, like Congressman Ro Khanna, “a wolf in sheep’s clothing,” LIE, LIE, LIE, AND LIE AGAIN, without any pushback, or competent rebuttal from an anchor, in this case, Jacqui Heinrich, the entire Common Sense dialogue that has been going on all day at Fox is completely obliterated! Why would Fox put SCUM like this on, or others, such as Low Rated Bill Maher, who gains “credibility” by constant referral to him as though he were a Liberal source of “Wisdom,” or very Low IQ Hakeem Jeffries, who considers the Supreme Court “illegitimate,” and probably hates our Country. No matter how “Fair and Balanced” the day’s News at Fox may be, the end result is destroyed by professional Liars, Conmen, and Liberal, Crooked Politicians. This is why MAGA Republicans, who are actually close to 100% of the Party, hate Fox, despite the wonderful contributions made by so many of their great anchors and commentators. Hard to win Elections like this! President DONALD J. TRUMP"
2026-05-10T20:48:26.328Z,116552244024465774,https://truthsocial.com/@realDonaldTrump/116552244024465774,no,"“Any money paid to the United States of America does not have to be paid back” — That sentence, if added by the Supreme Court to its highly disputed Tariff decision, would have saved America 159 Billion Dollars! President DONALD J. TRUMP"
2026-05-10T20:42:17.348Z,116552219842825125,https://truthsocial.com/@realDonaldTrump/116552219842825125,no,The Radical Left Dumacrats must fail — Our Country is at stake! President DONALD J. TRUMP
2026-05-10T20:12:33.159Z,116552102914488206,https://truthsocial.com/@realDonaldTrump/116552102914488206,no,I have just read the response from Iran’s so-called “Representatives.” I don’t like it — TOTALLY UNACCEPTABLE! Thank you for your attention to this matter. President DONALD J. TRUMP
2026-05-10T20:09:12.806Z,116552089783940030,https://truthsocial.com/@realDonaldTrump/116552089783940030,no,"Exclusive — Kurdish Leader: Trump Is ‘Master of the Deal,’ Can Land Major Deal to End Iran War and Create Worldwide Economic Boom: https://www.breitbart.com/politics/2026/05/10/exclusive-kurdish-leader-trump-is-master-of-the-deal-can-land-major-deal-to-end-iran-war-and-create-worldwide-economic-boom/"
2026-05-10T20:07:56.760Z,116552084797839159,https://truthsocial.com/@realDonaldTrump/116552084797839159,no,"The Sleazebag, Radical Left Congressman from the failed State of California, Ro Khanna, should not be allowed on FoxNews unless you have an “anchor” who is capable of disputing his lies, one after another, and closing down his FAKE (Bullshit!) narrative. He is similar, but worse than Hakeem Jeffries, only with a somewhat higher IQ. This morning he tried, on behalf of the Dumacrats, to take credit for the Steel Industry pouring back into the U.S., knowing full well that the Dumbs virtually destroyed it, and I SAVED IT, through strong Tariffs (PLUS!). Our Country was DEAD during the last “Administration,” and now it is hotter than ever before. We can’t allow the Dumacrats to take credit for this. If elected, they will fully destroy our thriving, and now very respected, Nation. I will NOT let that happen!!! President DONALD J. TRUMP"
2026-05-10T20:00:57.332Z,116552057312551979,https://truthsocial.com/@realDonaldTrump/116552057312551979,no,"We just secured the release of three Polish, and two Moldovan, prisoners from Belarusian and Russian detention. Thanks to my Special Presidential Envoy, John Coale, we were able to push hard to make this release happen. My friend, President Karol Nawrocki, of Poland, met with me last September, and asked me to help secure Andrzej Poczobut from Belarusian prison. Today, Poczobut is free due to our efforts. The United States delivers for our Allies, and Friends. Thank you to President Aleksandr Lukashenko for his cooperation and friendship. So nice! President DONALD J. TRUMP"
2026-05-10T18:46:47.607Z,116551765695237023,https://truthsocial.com/@realDonaldTrump/116551765695237023,no,
2026-05-10T18:46:40.085Z,116551765202328115,https://truthsocial.com/@realDonaldTrump/116551765202328115,no,
2026-05-10T18:43:57.430Z,116551754542554867,https://truthsocial.com/@realDonaldTrump/116551754542554867,no,"ALL FEDERAL AGENCIES MUST BUY AMERICAN — NO EXCUSES! For decades, Washington politicians sent your Taxpayer Dollars overseas, and let Foreign Countries rip us off while our Workers, Factories, and Supply Chains were left behind. That betrayal is OVER. My Administration is strengthening MADE IN AMERICA Laws, ENDING Waiver Loopholes, and STOPPING the Federal Government from buying Foreign Products when Great American Products are available — And to the D.C. Bureaucrats: NO MORE handing out Waivers like candy! No more rubber-stamping exceptions for Foreign Products while American Workers get shafted. We are putting American Workers, American Factories, and American Supply Chains FIRST — Bigger, better, and stronger than ever before! I already signed EO 14392 to crack down on fake “MADE IN AMERICA” claims, and we are enforcing it HARD. No more games. No more fake labels. No more ripping off the American Taxpayer. AMERICA FIRST means BUY AMERICAN! President DONALD J. TRUMP"
2026-05-10T18:42:44.553Z,116551749766563494,https://truthsocial.com/@realDonaldTrump/116551749766563494,no,"Palestinian Chuck Schumer is hiring Eric Holder, famous for handing guns to Mexican cartels under the Barack Hussein Obama administration, as part of a Democrat-led ""Election Integrity Group"" that will no doubt try to suppress Republican voters, and interfere in our Elections. Furthermore, Marc Elias, a terrible lawyer with a horrible track record, is also involved. This is the same disgusting individual who was responsible for the fake Russia dossier from a foreign nation to meddle in the 2016 Election, which I won in historic fashion. The Democrats are totally unhinged and we will not allow them to threaten the integrity of our Elections.During my Historic Election in 2024, when I won every single Swing State, and decisively won both the Electoral and Popular votes by wide margins, the Republicans had an Election Integrity Army in every single State to preserve the sanctity of each legal vote. We will be doing the same again in 2026, but it will be much bigger and stronger. All Americans should have their voices be heard by casting a vote. Be assured this Election will be fair! President DONALD J. TRUMP"
2026-05-10T17:52:46.755Z,116551553302876569,https://truthsocial.com/@realDonaldTrump/116551553302876569,no,"Iran has been playing games with the United States, and the rest of the World, for 47 years (DELAY, DELAY, DELAY!), and then finally hit “pay dirt” when Barack Hussein Obama became President. He was not only good to them, he was great, actually going to their side, jettisoning Israel, and all other Allies, and giving Iran a major and very powerful new lease on life. Hundreds of Billions of Dollars, and 1.7 Billion Dollars in green cash, flown into Tehran, was handed to them on a silver platter. Every Bank in D.C., Virginia, and Maryland was emptied out — It was so much money that when it arrived, the Iranian Thugs had no idea what to do with it. They had never seen money like this, and never will again. It was taken off the plane in suitcases and satchels, and the Iranians couldn’t believe their luck. They finally found the greatest SUCKER of them all, in the form of a weak and stupid American President. He was a disaster as our “Leader,” but not as bad as Sleepy Joe Biden! For 47 years the Iranians have been “tapping” us along, keeping us waiting, killing our people with their roadside bombs, destroying protests, and recently wiping out 42,000 innocent, unarmed protestors, and laughing at our now GREAT AGAIN Country. They will be laughing no longer! President DONALD J. TRUMP"
2026-05-10T12:45:36.094Z,116550345428812734,https://truthsocial.com/@realDonaldTrump/116550345428812734,no,"Exclusive: Israel's Foreign Minister Saar Praises Trump, Remarkable Leadership: https://www.newsmax.com/newsmax-tv/israel-gideon-saar-donald-trump/2026/03/08/id/1248756/"
2026-05-10T12:40:28.888Z,116550325293808505,https://truthsocial.com/@realDonaldTrump/116550325293808505,no,
2026-05-10T12:39:41.076Z,116550322160378420,https://truthsocial.com/@realDonaldTrump/116550322160378420,no,
2026-05-10T12:37:41.028Z,116550314292959831,https://truthsocial.com/@realDonaldTrump/116550314292959831,no,
2026-05-10T01:33:43.023Z,116547703469348588,https://truthsocial.com/@realDonaldTrump/116547703469348588,no,
2026-05-10T01:32:26.067Z,116547698425890724,https://truthsocial.com/@realDonaldTrump/116547698425890724,no,
2026-05-10T00:26:28.293Z,116547439049231733,https://truthsocial.com/@realDonaldTrump/116547439049231733,no,
2026-05-10T00:25:13.504Z,116547434147907478,https://truthsocial.com/@realDonaldTrump/116547434147907478,no,Does anybody believe this guy??? A Dirty Cop!!!
2026-05-10T00:22:14.696Z,116547422429575656,https://truthsocial.com/@realDonaldTrump/116547422429575656,no,Pathetic!!!
2026-05-09T21:36:48.527Z,116546771912598059,https://truthsocial.com/@realDonaldTrump/116546771912598059,no,
2026-05-09T21:28:02.576Z,116546737443853681,https://truthsocial.com/@realDonaldTrump/116546737443853681,no,
2026-05-09T21:27:43.402Z,116546736187285246,https://truthsocial.com/@realDonaldTrump/116546736187285246,no,
2026-05-09T21:24:26.525Z,116546723284747719,https://truthsocial.com/@realDonaldTrump/116546723284747719,no,
2026-05-09T21:20:38.525Z,116546708342495207,https://truthsocial.com/@realDonaldTrump/116546708342495207,no,
2026-05-09T21:20:29.836Z,116546707772929004,https://truthsocial.com/@realDonaldTrump/116546707772929004,no,
2026-05-09T20:18:40.314Z,116546464665644173,https://truthsocial.com/@realDonaldTrump/116546464665644173,no,
2026-05-09T20:08:00.140Z,116546422711220349,https://truthsocial.com/@realDonaldTrump/116546422711220349,no,
2026-05-09T20:07:48.902Z,116546421974705446,https://truthsocial.com/@realDonaldTrump/116546421974705446,no,
2026-05-09T20:07:34.557Z,116546421034843589,https://truthsocial.com/@realDonaldTrump/116546421034843589,no,
2026-05-09T19:52:11.980Z,116546360572603977,https://truthsocial.com/@realDonaldTrump/116546360572603977,no,
2026-05-09T19:51:56.733Z,116546359573570710,https://truthsocial.com/@realDonaldTrump/116546359573570710,no,
2026-05-09T19:51:42.954Z,116546358670327932,https://truthsocial.com/@realDonaldTrump/116546358670327932,no,
2026-05-09T19:51:25.081Z,116546357499234506,https://truthsocial.com/@realDonaldTrump/116546357499234506,no,
2026-05-09T19:51:13.485Z,116546356739259309,https://truthsocial.com/@realDonaldTrump/116546356739259309,no,
2026-05-09T19:51:02.669Z,116546356030409655,https://truthsocial.com/@realDonaldTrump/116546356030409655,no,
2026-05-09T12:41:43.452Z,116544667871983111,https://truthsocial.com/@realDonaldTrump/116544667871983111,no,FBI searches Fulton County election hub in criminal probe of 2020 election: https://justthenews.com/politics-policy/fbi-searches-fulton-county-election-hub
2026-05-09T12:41:14.854Z,116544665997769022,https://truthsocial.com/@realDonaldTrump/116544665997769022,no,Very important. This is where our Nation stands!!!  President DJT https://justthenews.com/government/security/majority-say-preventing-iran-acquiring-nukes-more-important-ending-war-poll
2026-05-09T02:13:37.570Z,116542198092493172,https://truthsocial.com/@realDonaldTrump/116542198092493172,no,"Congratulations to John Swinney on winning his Re-Election for First Minister of Scotland. He is a good man, who worked very hard, along with the King and Queen of the United Kingdom, with respect to Tariff relief for Great Scottish Whiskey — and deserves this Big Electoral Victory! President DONALD J. TRUMP"
2026-05-08T23:45:48.505Z,116541616849190072,https://truthsocial.com/@realDonaldTrump/116541616849190072,no,
2026-05-08T23:01:16.684Z,116541441748752361,https://truthsocial.com/@realDonaldTrump/116541441748752361,no,"Happy Mother's Day weekend to all, especially to the 115 THOUSAND AMERICANS who found jobs in the month of April alone! As usual, over 90 percent of Bloomberg Economists (nearly all of whom have a ""Terminal"" case of TRUMP DERANGEMENT SYNDROME!) underestimated the strength of the Trump Economy. Despite the best efforts of Jerome ""Too Late and Won't Leave"" Powell, and the America Hating Democrat Party, more Americans are working today than ever before. Happy Mother’s Day and, know that, we are MAKING AMERICA WEALTHY AND SAFE AGAIN! President DONALD J. TRUMP"
2026-05-08T22:46:32.049Z,116541383773253436,https://truthsocial.com/@realDonaldTrump/116541383773253436,no,https://www.whitehouse.gov/presidential-actions/2026/05/military-spouse-day-2026/
2026-05-08T21:20:44.624Z,116541046431880952,https://truthsocial.com/@realDonaldTrump/116541046431880952,no,"It is my Great Honor to endorse MAGA Warrior, Michael Alfonso, a young “STAR” who is running to represent the incredible people of Wisconsin’s 7th Congressional District.   Michael is the son-in-law of our GREAT Secretary of Transportation, Sean Duffy, and the wonderful Rachel Campos-Duffy, of FoxNews, one of the most popular (and talented!) anchors in all of Television. His family has been fierce advocates for our Movement to, MAKE AMERICA GREAT AGAIN! As your next Congressman, Michael will work tirelessly to Grow our Economy, Cut Taxes and Regulations, Champion our Amazing Farmers and Ranchers, Promote MADE IN THE U.S.A., Advance American Energy DOMINANCE, Keep our Border SECURE, Stop Migrant Crime, Support our Military/Veterans, Safeguard our Elections, and Protect our always under siege Second Amendment.   Michael Alfonso has been a WINNER all of his life, comes from a truly spectacular family, and has my Complete and Total Endorsement to be the next Representative from Wisconsin’s 7th Congressional District — HE WILL NEVER LET YOU DOWN!"
2026-05-08T18:00:31.180Z,116540259118606629,https://truthsocial.com/@realDonaldTrump/116540259118606629,no,"I am pleased to announce that there will be a THREE DAY CEASEFIRE (May 9th, 10th, and 11th) in the War between Russia and Ukraine. The Celebration in Russia is for Victory Day but, likewise, in Ukraine, because they were also a big part and factor of World War II. This Ceasefire will include a suspension of all kinetic activity, and also a prison swap of 1,000 prisoners from each Country. This request was made directly by me, and I very much appreciate its agreement by President Vladimir Putin and President Volodymyr Zelenskyy. Hopefully, it is the beginning of the end of a very long, deadly, and hard fought War. Talks are continuing on ending this Major Conflict, the biggest since World War II, and we are getting closer and closer every day. Thank you for your attention to this matter! President DONALD J. TRUMP"
2026-05-08T15:11:14.806Z,116539593510480846,https://truthsocial.com/@realDonaldTrump/116539593510480846,no,"As for my promise to you, the Department of War has released the first tranche of the UFO/UAP files to the Public for their review and study. In an effort for Complete and Maximum Transparency, it was my Honor to direct my Administration to identify and provide Government files related to Alien and Extraterrestrial Life, Unidentified Aerial Phenomena, and Unidentified Flying Objects. Whereas previous Administrations have failed to be transparent on this subject, with these new Documents and Videos, the people can decide for themselves, “WHAT THE HELL IS GOING ON?” Have Fun and Enjoy! President DONALD J. TRUMP https://war.gov/UFO"
2026-05-08T14:52:51.857Z,116539521227824996,https://truthsocial.com/@realDonaldTrump/116539521227824996,no,"Huge win for the Republican Party, and America, in Virginia. The Virginia Supreme Court has just struck down the Democrats’ horrible gerrymander. MAKE AMERICA GREAT AGAIN! President DONALD J. TRUMP"
2026-05-08T14:52:27.450Z,116539519628279146,https://truthsocial.com/@realDonaldTrump/116539519628279146,no,Amazing — Bryson doing 30 Pull Ups at the White House for the reinstatement of the Presidential Fitness Test! President DJT
2026-05-08T14:51:25.075Z,116539515540417858,https://truthsocial.com/@realDonaldTrump/116539515540417858,no,Bryson DeChambeau and Gary Player doing 50 Push Ups at the White House for the reinstatement of the Presidential Fitness Test! President DJT
2026-05-08T11:35:22.052Z,116538744632772768,https://truthsocial.com/@realDonaldTrump/116538744632772768,no,
2026-05-08T09:42:30.965Z,116538300884526018,https://truthsocial.com/@realDonaldTrump/116538300884526018,no,
2026-05-08T09:41:57.727Z,116538298706338172,https://truthsocial.com/@realDonaldTrump/116538298706338172,no,
2026-05-08T09:41:42.853Z,116538297731564319,https://truthsocial.com/@realDonaldTrump/116538297731564319,no,
2026-05-08T09:41:32.092Z,116538297026327097,https://truthsocial.com/@realDonaldTrump/116538297026327097,no,
2026-05-08T09:41:17.485Z,116538296068946492,https://truthsocial.com/@realDonaldTrump/116538296068946492,no,June 14th. Biggest ever!!! DJT
2026-05-08T04:16:26.504Z,116537018709721851,https://truthsocial.com/@realDonaldTrump/116537018709721851,no,"Hakeem Jeffries doubles down on 'maximum warfare' rhetoric, tells critics 'I don't give a damn': https://www.foxnews.com/politics/hakeem-jeffries-doubles-maximum-warfare-rhetoric-tells-critics-dont-give-damn"
2026-05-08T04:13:22.152Z,116537006626214418,https://truthsocial.com/@realDonaldTrump/116537006626214418,no,
2026-05-07T22:34:08.906Z,116535672760322109,https://truthsocial.com/@realDonaldTrump/116535672760322109,no,"Three World Class American Destroyers just transited, very successfully, out of the Strait of Hormuz, under fire. There was no damage done to the three Destroyers, but great damage done to the Iranian attackers. They were completely destroyed along with numerous small boats, which are being used to take the place of their fully decapitated Navy. These boats went to the bottom of the Sea, quickly and efficiently. Missiles were shot at our Destroyers, and were easily knocked down. Likewise, drones came, and were incinerated while in the air. They dropped ever so beautifully down to the Ocean, very much like a butterfly dropping to its grave! A normal Country would have allowed these Destroyers to pass, but Iran is not a normal Country. They are led by LUNATICS, and if they had the chance to use a Nuclear Weapon, they would do it, without question — But they’ll never have that opportunity and, just like we knocked them out again today, we’ll knock them out a lot harder, and a lot more violently, in the future, if they don’t get their Deal signed, FAST! Our three Destroyers, with their wonderful Crews, will now rejoin our Naval Blockade, which is truly a “Wall of Steel.” President DONALD J. TRUMP"
2026-05-07T19:33:41.355Z,116534963165832789,https://truthsocial.com/@realDonaldTrump/116534963165832789,no,"Congressman Mike Lawler is doing a terrific job for New York’s 17th Congressional District! Mike will most likely be running against a Radical Left Democrat named Effie Phillips-Staley, who loves High Taxes, Open Borders, Anti-Semitism, Men in Women’s Sports, and Transgender for Everybody, among other CRAZY ideas.Effie Phillips-Staley’s campaign has just been caught CHEATING, RED-HANDED, trying to file hundreds of fraudulent signatures to get on the ballot. Justice should be sought, and the fraud should be investigated, IMMEDIATELY! Effie Phillips-Staley is a FRAUDSTER, but the good news is that Congressman Mike Lawler is a WINNER, and has my Complete and Total Endorsement — MIKE WILL NEVER LET YOU DOWN!"
2026-05-07T19:31:43.569Z,116534955446755104,https://truthsocial.com/@realDonaldTrump/116534955446755104,no,"It is my Great Honor to endorse MAGA Warrior, Jackson Lahmeyer, who is running to represent the fantastic people of Oklahoma’s 1st Congressional District, and has been with me from the very beginning of our Movement to, MAKE AMERICA GREAT AGAIN!Jackson was the Founder of “Pastors For Trump,” a Nationwide Coalition of Faith Leaders committed to advancing our America First agenda, and defending Religious Liberty! A very successful Pastor, Businessman, and Civic Leader, Jackson has dedicated his life to serving his Community. As your next Congressman, Jackson will fight tirelessly to Grow the Economy, Promote our Amazing Farmers and Ranchers, Cut Taxes and Regulations, Advance American Energy DOMINANCE, Promote MADE IN THE U.S.A., Keep our Border SECURE, Stop Migrant Crime, Strengthen our Military/Veterans, Safeguard our Elections, and Protect our always under siege Second Amendment.Jackson Lahmeyer has my Complete and Total Endorsement to be the next Representative from Oklahoma’s 1st Congressional District — HE WILL NEVER LET YOU DOWN!"
2026-05-07T19:07:31.864Z,116534860307993853,https://truthsocial.com/@realDonaldTrump/116534860307993853,no,"I had a great call with The President of the European Commission, Ursula von der Leyen. We discussed many topics, including that we are completely united that Iran can never have a Nuclear Weapon. We agreed that a regime that kills its own people cannot control a bomb that can kill millions. I’ve been waiting patiently for the EU to fulfill their side of the Historic Trade Deal we agreed in Turnberry, Scotland, the largest Trade Deal, ever! A promise was made that the EU would deliver their side of the Deal and, as per Agreement, cut their Tariffs to ZERO! I agreed to give her until our Country’s 250th Birthday or, unfortunately, their Tariffs would immediately jump to much higher levels. Thank you for your attention to this matter. President DONALD J. TRUMP"
2026-05-07T18:22:08.087Z,116534681802624852,https://truthsocial.com/@realDonaldTrump/116534681802624852,no,"Just concluded my meeting with Luiz Inácio Lula da Silva, the very dynamic President of Brazil. We discussed many topics, including Trade and, specifically, Tariffs. The meeting went very well. Our Representatives are scheduled to get together to discuss certain key elements. Additional meetings will be scheduled over the coming months, as necessary. President DONALD J. TRUMP"
2026-05-07T14:14:13.767Z,116533706998812043,https://truthsocial.com/@realDonaldTrump/116533706998812043,no,"Barry Moore, running for United States Senate in the GREAT State of Alabama, one of my all time favorites, is a Fantastic guy and a totally reliable MAGA Warrior! He has my Complete and Total Endorsement - He will never let you down. Win, Barry, Win! President DONALD J. TRUMP"
2026-05-07T13:05:33.438Z,116533436964740040,https://truthsocial.com/@realDonaldTrump/116533436964740040,no,"This lunatic, Hakeem “Low IQ” Jeffries, should be charged with INCITING VIOLENCE! The Radical Left Democrats actually want to Destroy our Country. President DJT"
2026-05-07T12:14:05.358Z,116533234584336287,https://truthsocial.com/@realDonaldTrump/116533234584336287,no,The Real Deal - GOLD - At Doral in Miami. Put there by great American Patriots!!! President DJT
2026-05-07T11:15:41.540Z,116533004958135086,https://truthsocial.com/@realDonaldTrump/116533004958135086,no,https://stocks.apple.com/symbol/%5EDJI
2026-05-07T11:04:16.681Z,116532960075277957,https://truthsocial.com/@realDonaldTrump/116532960075277957,no,"A highly accurate depiction of the Sleepy Joe Biden Administration. Tremendous damage done but, WE’RE BACK!!! President DJT"
2026-05-07T03:00:01.614Z,116531055926744727,https://truthsocial.com/@realDonaldTrump/116531055926744727,yes,"RT @realDonaldTrumpLilly commits additional $4.5 billion across Indiana manufacturing sites, opens first dedicated genetic medicine facility: https://investor.lilly.com/news-releases/news-release-details/lilly-commits-additional-45-billion-across-indiana-manufacturing"
2026-05-07T02:59:56.455Z,116531055588403909,https://truthsocial.com/@realDonaldTrump/116531055588403909,no,
2026-05-07T02:35:15.361Z,116530958523656778,https://truthsocial.com/@realDonaldTrump/116530958523656778,no,Wow. Study this Chart! President DJT
2026-05-07T01:19:17.321Z,116530659808023358,https://truthsocial.com/@realDonaldTrump/116530659808023358,no,New Trump counterterrorism strategy elevates threats from leftist groups like Antifa: https://justthenews.com/government/security/new-trump-counterterrorism-strategy-elevates-threats-leftists-group-antifa
2026-05-07T01:16:56.682Z,116530650590886544,https://truthsocial.com/@realDonaldTrump/116530650590886544,no,Stock Market hit an ALL-TIME HIGH TODAY. Jobs & 401-K’s are BOOMING!!!
2026-05-07T01:13:04.338Z,116530635363991354,https://truthsocial.com/@realDonaldTrump/116530635363991354,no,"Washington D.C. CRIME is at its lowest point in 30 years, plus! President DJT"
2026-05-07T01:08:56.321Z,116530619109975255,https://truthsocial.com/@realDonaldTrump/116530619109975255,no,"Chuck Devore, Army Intelligence, was fantastic tonight on Jesse Watters. Thank you Chuck!!! President DJT"
2026-05-06T23:57:38.980Z,116530338790021746,https://truthsocial.com/@realDonaldTrump/116530338790021746,no,
2026-05-06T18:24:33.399Z,116529029015091841,https://truthsocial.com/@realDonaldTrump/116529029015091841,no,"State Representative “MAGA” Meg Weinberger is an America First Patriot who is doing an incredible job representing Florida’s 94th State House District!Meg is MAGA all the way, and has been with us from the very beginning, helping advance our AMERICA FIRST Agenda. In the State House, she is working tirelessly to Grow our Economy, Cut Taxes and Regulations, Champion American Energy DOMINANCE, Promote MADE IN THE U.S.A., Keep our Border SECURE, Stop Migrant Crime, Strengthen our Military/Veterans, Safeguard our Elections, and Defend our always under siege Second Amendment.“MAGA” Meg Weinberger has my Complete and Total Endorsement for Re-Election — SHE WILL NEVER LET YOU DOWN!"
2026-05-06T18:22:29.073Z,116529020867244882,https://truthsocial.com/@realDonaldTrump/116529020867244882,no,
2026-05-06T15:08:37.348Z,116528258570841677,https://truthsocial.com/@realDonaldTrump/116528258570841677,no,"Lilly commits additional $4.5 billion across Indiana manufacturing sites, opens first dedicated genetic medicine facility: https://investor.lilly.com/news-releases/news-release-details/lilly-commits-additional-45-billion-across-indiana-manufacturing"
2026-05-06T14:55:51.554Z,116528208383447126,https://truthsocial.com/@realDonaldTrump/116528208383447126,no,"Ted Turner, one of the Greats of All Time, just died. He founded CNN, sold it, and was personally devastated by the Deal because the new ownership took CNN, his “baby,” and destroyed it. It became woke, and everything that he is not all about. Maybe the new buyers, wonderful people, will be able to bring it back to its former credibility and glory. Regardless, however, one of the Greats of Broadcast History, and a friend of mine. Whenever I needed him, he was there, always willing to fight for a good cause! President DONALD J. TRUMP"
2026-05-06T12:29:21.011Z,116527632284101725,https://truthsocial.com/@realDonaldTrump/116527632284101725,no,Top DOJ official predicts Supreme Court will declare AR-15 rifles legal everywhere in America: https://justthenews.com/politics-policy/gun-rights/wedtop-doj-official-predicts-supreme-court-will-declare-ar-15-rifles
2026-05-06T12:29:20.869Z,116527632274782112,https://truthsocial.com/@realDonaldTrump/116527632274782112,no,Top DOJ official predicts Supreme Court will declare AR-15 rifles legal everywhere in America: https://justthenews.com/politics-policy/gun-rights/wedtop-doj-official-predicts-supreme-court-will-declare-ar-15-rifles
2026-05-06T12:28:57.980Z,116527630774740942,https://truthsocial.com/@realDonaldTrump/116527630774740942,no,Trump’s new culture of government reform delivers more life-saving benefits to veterans: https://justthenews.com/government/white-house/trumps-culture-government-reform-and-reduction-brings-life-saving-benefits
2026-05-06T11:41:41.140Z,116527444859592032,https://truthsocial.com/@realDonaldTrump/116527444859592032,no,"Assuming Iran agrees to give what has been agreed to, which is, perhaps, a big assumption, the already legendary Epic Fury will be at an end, and the highly effective Blockade will allow the Hormuz Strait to be OPEN TO ALL, including Iran. If they don’t agree, the bombing starts, and it will be, sadly, at a much higher level and intensity than it was before. Thank you for your attention to this matter! President DONALD J. TRUMP"
2026-05-06T11:32:56.882Z,116527410501835336,https://truthsocial.com/@realDonaldTrump/116527410501835336,no,"The White House Ballroom is going up rapidly on the East side of the White House. The only reason the cost has changed is because, after deep rooted studies, it is approximately twice the size, and a far higher quality, than the original proposal, which would not have been adequate to handle the necessary events, meetings, and even future Inaugurations. The original price was 200 Million Dollars, the double sized, highest quality completed project will be something less than 400 Million Dollars. It will be magnificent, safe, and secure! This was a necessary change, it was done long ago, but the Fake News failed to report it, trying to make it look like there was a cost overrun. Actually, it is coming in ahead of schedule, and under budget! Thank you for your attention to this matter. President DONALD J. TRUMP"
2026-05-06T03:10:26.279Z,116525434554167072,https://truthsocial.com/@realDonaldTrump/116525434554167072,no,
2026-05-06T02:03:11.730Z,116525170146202700,https://truthsocial.com/@realDonaldTrump/116525170146202700,no,
2026-05-06T00:58:30.718Z,116524915800180461,https://truthsocial.com/@realDonaldTrump/116524915800180461,no,
2026-05-06T00:58:22.066Z,116524915232896612,https://truthsocial.com/@realDonaldTrump/116524915232896612,no,
2026-05-06T00:58:14.495Z,116524914737009519,https://truthsocial.com/@realDonaldTrump/116524914737009519,no,
2026-05-06T00:58:02.398Z,116524913943981630,https://truthsocial.com/@realDonaldTrump/116524913943981630,no,
2026-05-06T00:57:49.515Z,116524913099879514,https://truthsocial.com/@realDonaldTrump/116524913099879514,no,
2026-05-06T00:57:27.022Z,116524911625829032,https://truthsocial.com/@realDonaldTrump/116524911625829032,no,
2026-05-06T00:57:11.300Z,116524910595219653,https://truthsocial.com/@realDonaldTrump/116524910595219653,no,
2026-05-06T00:57:03.964Z,116524910114450558,https://truthsocial.com/@realDonaldTrump/116524910114450558,no,
2026-05-06T00:51:41.851Z,116524889004499642,https://truthsocial.com/@realDonaldTrump/116524889004499642,no,
2026-05-06T00:51:33.007Z,116524888425037461,https://truthsocial.com/@realDonaldTrump/116524888425037461,no,
2026-05-06T00:51:15.085Z,116524887250350444,https://truthsocial.com/@realDonaldTrump/116524887250350444,no,
2026-05-06T00:51:06.081Z,116524886660261173,https://truthsocial.com/@realDonaldTrump/116524886660261173,no,
2026-05-06T00:50:57.745Z,116524886113914979,https://truthsocial.com/@realDonaldTrump/116524886113914979,no,
2026-05-06T00:50:45.803Z,116524885331495793,https://truthsocial.com/@realDonaldTrump/116524885331495793,no,
2026-05-06T00:50:24.213Z,116524883916490221,https://truthsocial.com/@realDonaldTrump/116524883916490221,no,
2026-05-06T00:50:13.167Z,116524883192456543,https://truthsocial.com/@realDonaldTrump/116524883192456543,no,
2026-05-06T00:50:04.548Z,116524882627589061,https://truthsocial.com/@realDonaldTrump/116524882627589061,no,
2026-05-06T00:49:54.206Z,116524881949818405,https://truthsocial.com/@realDonaldTrump/116524881949818405,no,
2026-05-06T00:49:43.521Z,116524881249612369,https://truthsocial.com/@realDonaldTrump/116524881249612369,no,
2026-05-06T00:49:30.217Z,116524880377709354,https://truthsocial.com/@realDonaldTrump/116524880377709354,no,
2026-05-06T00:49:18.500Z,116524879609732809,https://truthsocial.com/@realDonaldTrump/116524879609732809,no,
2026-05-06T00:49:06.666Z,116524878834289086,https://truthsocial.com/@realDonaldTrump/116524878834289086,no,
2026-05-06T00:48:49.303Z,116524877696351651,https://truthsocial.com/@realDonaldTrump/116524877696351651,no,
2026-05-06T00:48:37.643Z,116524876932435802,https://truthsocial.com/@realDonaldTrump/116524876932435802,no,
2026-05-06T00:48:26.148Z,116524876178869482,https://truthsocial.com/@realDonaldTrump/116524876178869482,no,
2026-05-05T22:52:09.156Z,116524418935002706,https://truthsocial.com/@realDonaldTrump/116524418935002706,no,"Based on the request of Pakistan and other Countries, the tremendous Military Success that we have had during the Campaign against the Country of Iran and, additionally, the fact that Great Progress has been made toward a Complete and Final Agreement with Representatives of Iran, we have mutually agreed that, while the Blockade will remain in full force and effect, Project Freedom (The Movement of Ships through the Strait of Hormuz) will be paused for a short period of time to see whether or not the Agreement can be finalized and signed. President DONALD J. TRUMP"
2026-05-05T19:52:53.035Z,116523714021857229,https://truthsocial.com/@realDonaldTrump/116523714021857229,no,
2026-05-05T19:46:59.028Z,116523690821423832,https://truthsocial.com/@realDonaldTrump/116523690821423832,yes,"RT @EricTrumpFor the first time, I am extremely proud to share the OFFICIAL logo for the Donald J. Trump International Airport in Palm Beach, Florida. There is no person more deserving of this incredible honor than @realDonaldTrump! Congratulations Dad! Looking forward to seeing flights landing at “DJT” very very soon! 🇺🇸🛬"
2026-05-05T19:45:25.236Z,116523684674729350,https://truthsocial.com/@realDonaldTrump/116523684674729350,no,"Congressman Max Miller is a fantastic Champion for the Great People of Ohio’s 7th Congressional District!Max bravely served our Country in the U.S. Marine Corps and, during my First Administration, worked hard to advance our AMERICA FIRST Agenda. In Congress, Max continues to fight tirelessly to Help Secure our now VERY Secure (Record Setting!) Southern Border, Stop Migrant Crime, Murderers, and other Criminals from illegally entering our Country, Strengthen our Great Military/Veterans, Cut Taxes and Regulations, Support our Incredible Farmers, Champion American Energy DOMINANCE, and Defend our always under siege Second Amendment.Max Miller has my Complete and Total Endorsement — HE WILL NOT LET YOU DOWN!"
2026-05-05T19:37:30.002Z,116523653529950815,https://truthsocial.com/@realDonaldTrump/116523653529950815,no,"Congressman Mike Carey is a Fantastic Advocate for Ohio’s 15th Congressional District!As a Member of the POWERFUL House Ways & Means Committee, Mike understands the America First Policies required to Create GREAT Jobs, Cut Taxes and Regulations, Unleash American Energy DOMINANCE, Promote MADE IN THE U.S.A., and Champion our Nation’s Golden Age. A Brave U.S. Army Veteran, Mike knows the Wisdom and Courage required to Defend our Country, Support our Military/Veterans, and Ensure PEACE THROUGH STRENGTH. He is also working hard to Keep our now very Secure Border, SECURE, Stop Migrant Crime, and Protect our always under siege Second Amendment.Mike Carey has my Complete and Total Endorsement for Re-Election — HE WILL NEVER LET YOU DOWN!"
2026-05-05T19:37:01.573Z,116523651666642820,https://truthsocial.com/@realDonaldTrump/116523651666642820,no,"Congressman Dave Joyce is doing an incredible job representing the wonderful people of Ohio’s 14th Congressional District!A former Criminal Prosecutor, Dave strongly supports our incredible Law Enforcement, Military, and Veterans. He knows the Wisdom and Courage required to ensure LAW AND ORDER, and protect our Country — He is a true America First Patriot! In Congress, Dave is fighting tirelessly to Grow our Economy, Cut Taxes and Regulations, Promote MADE IN THE U.S.A., Champion American Energy DOMINANCE, Keep our now very Secure Border, SECURE, Stop Migrant Crime, and Defend our always under siege Second Amendment.Dave Joyce has my Complete and Total Endorsement for Re-Election — HE WILL NEVER LET YOU DOWN!"
2026-05-05T19:35:46.828Z,116523646768165419,https://truthsocial.com/@realDonaldTrump/116523646768165419,no,"Congressman Troy Balderson is a terrific Representative for the incredible people of Ohio’s 12th Congressional District!A Proven Leader, Troy served as a Highly Respected State Legislator and Businessman, prior to becoming a very distinguished U.S. Congressman. He is fighting tirelessly to Grow our Economy, Cut Taxes and Regulations, Champion Small Business, Advance American Energy DOMINANCE, Promote MADE IN THE U.S.A., Keep our now very Secure Border, SECURE, Stop Migrant Crime, Advocate for our Great Military/Veterans, and Protect our always under siege Second Amendment.Troy Balderson has my Complete and Total Endorsement for Re-Election — HE WILL NEVER LET YOU DOWN!"
2026-05-05T19:34:07.126Z,116523640234080613,https://truthsocial.com/@realDonaldTrump/116523640234080613,no,"Congressman Mike Turner is doing a truly fantastic job representing the wonderful people of Ohio’s 10th Congressional District!As a Senior Member of the POWERFUL House Armed Services Committee, Mike understands the Wisdom and Courage required to Defend our Country, Support our incredible Military/Veterans, and Ensure PEACE THROUGH STRENGTH. In Congress, he is fighting tirelessly to Keep our now very Secure Border, SECURE, Stop Migrant Crime, Cut Taxes and Regulations, Promote MADE IN THE U.S.A., Champion American Energy DOMINANCE, and Protect our always under siege Second Amendment.Mike Turner has my Complete and Total Endorsement for Re-Election – HE WILL NEVER LET YOU DOWN!"
2026-05-05T19:33:42.870Z,116523638644471502,https://truthsocial.com/@realDonaldTrump/116523638644471502,no,"Warren Davidson is a fantastic Representative for the Great People of Ohio’s 8th Congressional District!A West Point Graduate and U.S. Army Ranger, Warren knows the Wisdom and Courage that is required to Defend our Country, Support our incredible Military/Veterans, and Ensure PEACE THROUGH STRENGTH. In Congress, Warren is fighting tirelessly to Keep our now very Secure Border, SECURE, Stop Migrant Crime, Promote LAW AND ORDER, Grow our Economy, Cut Taxes and Regulations, Promote MADE IN THE U.S.A., Champion American Energy DOMINANCE, and Defend our always under siege Second Amendment.Warren Davidson has my Complete and Total Endorsement for Re-Election — HE WILL NEVER LET YOU DOWN!"
2026-05-05T19:33:03.520Z,116523636065860576,https://truthsocial.com/@realDonaldTrump/116523636065860576,no,"Congressman Mike Rulli is an America First Patriot who is doing a fantastic job representing Ohio’s 6th Congressional District!A successful Businessman, Civic Leader, and State Senator, prior to becoming a respected Congressman, Mike has dedicated his life to serving his Community. In Congress, he is fighting tirelessly to Grow our Economy, Cut Taxes and Regulations, Champion American Energy DOMINANCE, Promote MADE IN THE U.S.A., Keep our now very Secure Border, SECURE, Stop Migrant Crime, Strengthen our Military/Veterans, Advance Election Integrity, and Protect our always under siege Second Amendment.Mike Rulli has my Complete and Total Endorsement for Re-Election — HE WILL NEVER LET YOU DOWN!"
2026-05-05T19:32:43.555Z,116523634757376645,https://truthsocial.com/@realDonaldTrump/116523634757376645,no,"Congressman Bob Latta is a Tremendous Champion for Ohio’s 5th Congressional District!A Proven Leader, Bob has served his Community well as a Highly Respected State Legislator, Wood County Commissioner, and Attorney, prior to becoming a distinguished Congressman. In Congress, he is working hard to Grow our Economy, Cut Taxes and Regulations, Promote MADE IN THE U.S.A., Advance American Energy DOMINANCE, Keep our now very Secure Border, SECURE, Stop Migrant Crime, Strengthen our Brave Military/Veterans, and Defend our always under siege Second Amendment.Bob Latta has my Complete and Total Endorsement for Re-Election — HE WILL NEVER LET YOU DOWN!"
2026-05-05T19:32:23.912Z,116523633469830954,https://truthsocial.com/@realDonaldTrump/116523633469830954,no,"Congressman Jim Jordan is an America First Patriot who is doing an incredible job representing Ohio’s 4th Congressional District!As Chairman of the House Judiciary Committee, Jim is fighting tirelessly to Protect our Country against the Marxists, Socialists, and Communists on the Radical Left. A true MAGA Warrior, Jim is also relentlessly focused on helping us Grow our Economy, Cut Taxes and Regulations, Promote MADE IN THE U.S.A., Champion American Energy DOMINANCE, Keep our now very Secure Border, SECURE, Stop Migrant Crime, and Defend our always under siege Second Amendment.Jim Jordan is a very good friend, fighter, and WINNER, and has my Complete and Total Endorsement for Re-Election — HE WILL NEVER LET YOU DOWN!"
2026-05-05T19:32:04.147Z,116523632174562839,https://truthsocial.com/@realDonaldTrump/116523632174562839,no,"Congressman Dave Taylor is doing an incredible job representing the wonderful people of Ohio’s 2nd Congressional District!A very successful Small Businessman, Dave knows the America First Policies necessary to Create GREAT Jobs, Unleash Innovation, and Restore American Energy DOMINANCE. He is fighting tirelessly to Cut Taxes and Regulations, Promote MADE IN THE U.S.A., Keep our Border SECURE, Champion our Farmers and American Agriculture, Support our Brave Military/Veterans, and Defend our always under siege Second Amendment.Dave Taylor has my Complete and Total Endorsement for Re-Election — HE WILL NEVER LET YOU DOWN!"
2026-05-05T19:31:23.754Z,116523629527303097,https://truthsocial.com/@realDonaldTrump/116523629527303097,no,"It is my Great Honor to endorse America First Patriot, Eric Conroy, who is running to represent the wonderful people of Ohio’s 1st Congressional District. He is running against Greg Landsman, a true Radical Left Extremist who does not represent the Values of Southwest Ohio and the Great City of Cincinnati. Greg Landsman wants Open Borders, Men playing in Women’s Sports, Transgender for Everyone, and Defund the Police. Sadly, Greg also voted against the Biggest Tax Cut in History, and fought ferociously against my America First Trade Policies, most specifically TARIFFS, which charge other Countries for access to our Markets while protecting our important Industries, and strengthening our Supply Chains. Eric Conroy is one of the strongest Republican Candidates in the Country, whereas the current Congressman, Greg Landsman, is a weak Radical Left Democrat, who puts our Country, and Safety, LAST. Eric, on the other hand, will ALWAYS put Ohio, and America, FIRST.A Brave U.S. Air Force Veteran, and former Central Intelligence Agency (CIA) Officer, Eric knows the Wisdom and Courage it takes to Ensure LAW AND ORDER, Strongly Support our Great Heroes in Law Enforcement, and Champion our Military and Veterans. In Congress, Eric will work hard to Grow the Economy, Cut Taxes and Regulations, Promote MADE IN THE U.S.A., Advance American Energy DOMINANCE, Keep our Border SECURE, Stop Migrant Crime, and Defend our always under siege Second Amendment.Eric Conroy has my Complete and Total Endorsement to be the next Representative from Ohio’s 1st Congressional District — HE WILL NEVER LET YOU DOWN!"
2026-05-05T19:30:47.365Z,116523627142757976,https://truthsocial.com/@realDonaldTrump/116523627142757976,no,"Jon Husted is doing an incredible job as Senator for the Great State of Ohio! He served as your Lieutenant Governor for seven years prior to becoming a very distinguished and well respected Senator.Jon is a wonderful man, has ALWAYS delivered for Ohio, and will continue doing so in the U.S. Senate. He is working hard to Create Jobs, Lower Costs, Promote Products and Services MADE IN AMERICA by our incredible Ohio Workers, Support our Great Farmers, Champion Innovation, Secure our Border, Stop Criminals, Strengthen our Military/Veterans, and Strongly Protect our always under siege Second Amendment.We are delivering BIG WINS for America. One of the leaders I know I can count on is Ohio’s Senator Jon Husted. He will fight to advance Common Sense Values, and put AMERICA FIRST.Jon Husted has my Complete and Total Endorsement — HE WILL NOT LET YOU DOWN!"
2026-05-05T19:29:56.822Z,116523623830435743,https://truthsocial.com/@realDonaldTrump/116523623830435743,no,"Vivek Ramaswamy is running for Governor of the Great State of Ohio, a place I love and WON BIG, THREE TIMES, in 2016, 2020, and 2024!   I know Vivek well, competed against him, and he is something SPECIAL. He is Young, Strong, and Smart! Vivek is also a very good person, who truly loves our Country. As your next Governor, Vivek will fight tirelessly to Grow the Economy, Cut Taxes and Regulations, Promote MADE IN THE U.S.A., Champion American Energy DOMINANCE, Keep our now very Secure Border, SECURE, Stop Migrant Crime, Strengthen our Military/Veterans, Ensure LAW AND ORDER, Advance Election Integrity, and Protect our always under siege Second Amendment.   Vivek Ramaswamy will be a GREAT Governor of Ohio, and has my Complete and Total Endorsement – HE WILL NEVER LET YOU DOWN!"
2026-05-05T18:59:00.930Z,116523502202612088,https://truthsocial.com/@realDonaldTrump/116523502202612088,no,"Good luck to those Great Indiana Senate Candidates who are running against people who couldn’t care less about our Country, or about keeping the Majority in Congress. There are eight Great Patriots running against long seated RINOS — Let’s see how those RINOS do tonight! President DONALD J. TRUMP"
2026-05-04T23:31:46.926Z,116518912454033951,https://truthsocial.com/@realDonaldTrump/116518912454033951,no,
2026-05-04T23:31:14.801Z,116518910348493372,https://truthsocial.com/@realDonaldTrump/116518910348493372,no,
2026-05-04T23:31:04.478Z,116518909671948704,https://truthsocial.com/@realDonaldTrump/116518909671948704,no,
2026-05-04T23:30:57.149Z,116518909191849692,https://truthsocial.com/@realDonaldTrump/116518909191849692,no,
2026-05-04T19:32:30.834Z,116517971613241979,https://truthsocial.com/@realDonaldTrump/116517971613241979,no,
2026-05-04T19:31:15.694Z,116517966688641210,https://truthsocial.com/@realDonaldTrump/116517966688641210,no,RT: https://truthsocial.com/users/realDonaldTrump/statuses/116517965109663490
2026-05-04T19:30:51.602Z,116517965109663490,https://truthsocial.com/@realDonaldTrump/116517965109663490,no,
2026-05-04T19:30:32.219Z,116517963839401341,https://truthsocial.com/@realDonaldTrump/116517963839401341,no,RT: https://truthsocial.com/users/realDonaldTrump/statuses/116517961880896424
2026-05-04T19:30:02.334Z,116517961880896424,https://truthsocial.com/@realDonaldTrump/116517961880896424,no,
2026-05-04T19:28:59.670Z,116517957774114507,https://truthsocial.com/@realDonaldTrump/116517957774114507,no,RT: https://truthsocial.com/users/realDonaldTrump/statuses/116517956925573430
2026-05-04T19:28:46.720Z,116517956925573430,https://truthsocial.com/@realDonaldTrump/116517956925573430,no,
2026-05-04T19:11:51.469Z,116517890389904720,https://truthsocial.com/@realDonaldTrump/116517890389904720,no,
2026-05-04T18:54:47.228Z,116517823265377690,https://truthsocial.com/@realDonaldTrump/116517823265377690,no,I made the U.S.A. 45 Billion Dollars in 8 months!
2026-05-04T18:53:09.421Z,116517816855483204,https://truthsocial.com/@realDonaldTrump/116517816855483204,no,“Too Late” is a DISASTER for America! Interest Rates too high!
2026-05-04T18:46:02.858Z,116517788900416365,https://truthsocial.com/@realDonaldTrump/116517788900416365,no,
2026-05-04T18:44:59.904Z,116517784774496172,https://truthsocial.com/@realDonaldTrump/116517784774496172,no,
2026-05-04T18:44:51.044Z,116517784194013112,https://truthsocial.com/@realDonaldTrump/116517784194013112,no,
2026-05-04T18:44:41.945Z,116517783597498106,https://truthsocial.com/@realDonaldTrump/116517783597498106,no,
2026-05-04T18:44:10.545Z,116517781539444116,https://truthsocial.com/@realDonaldTrump/116517781539444116,no,
2026-05-04T18:44:00.898Z,116517780907488663,https://truthsocial.com/@realDonaldTrump/116517780907488663,no,
2026-05-04T18:43:51.370Z,116517780283007335,https://truthsocial.com/@realDonaldTrump/116517780283007335,no,
2026-05-04T18:43:39.783Z,116517779523646868,https://truthsocial.com/@realDonaldTrump/116517779523646868,no,
2026-05-04T18:43:28.846Z,116517778806875915,https://truthsocial.com/@realDonaldTrump/116517778806875915,no,
2026-05-04T18:42:27.663Z,116517774797366596,https://truthsocial.com/@realDonaldTrump/116517774797366596,no,Kennedy Center Rep to Newsmax: Previous Management Ran Facility Into Ground: https://www.newsmax.com/newsmax-tv/roma-daravi-newsmax-trump-kennedy-center/2026/02/16/id/1246314/
2026-05-04T18:42:05.354Z,116517773335418303,https://truthsocial.com/@realDonaldTrump/116517773335418303,no,Rent Check Test: How Trump's Policy Shift Is Easing Home Prices: https://www.realclearmarkets.com/articles/2026/02/19/rent_check_test_how_trumps_policy_shift_is_easing_home_prices_1165698.html
2026-05-04T18:41:12.730Z,116517769886308639,https://truthsocial.com/@realDonaldTrump/116517769886308639,no,"From Texas Lieutenant Governor Dan Patrick:“Mr. President,This is what I shared with you.1. Your overall support with Republicans is 89% in Texas. With those who identify as conservatives it’s 97%.2. I tested 21 messages of my accomplishments. All were received well.However the #1 reason people will vote for me is YOU.It’s the top message above any policy issue.”"
2026-05-04T18:39:29.642Z,116517763130501652,https://truthsocial.com/@realDonaldTrump/116517763130501652,no,"Greg Abbott is the strong and highly respected Governor of Texas, a State I love and WON BIG three times, including with 6.4 Million Votes in 2024 (The most Votes in History, BY FAR)!   Thanks to Greg’s bold and effective Leadership, the wonderful people of Texas will have the opportunity to elect 5 new MAGA Republicans in the 2026 Midterm Elections with the passage of their new, fair, and much improved, Congressional Map — A BIG WIN for Republicans in The Lone Star State, and across the Country! As Governor, Greg is also fighting tirelessly to Champion Texas Values, Grow the Economy, Cut Taxes and Regulations, Support our Amazing Farmers and Ranchers, Advance MADE IN THE U.S.A., Unleash American Energy Dominance, Promote School Choice, Keep our now very Secure Border, SECURE, Stop Migrant Crime, Murderers, and other Criminals from illegally entering our Country, Ensure LAW AND ORDER, Protect our Brave Military, Veterans, and Law Enforcement, and Defend our always under siege Second Amendment.   Greg Abbott has my Complete and Total Endorsement for Re-Election. He is an exceptional Governor and man — HE WILL NEVER LET YOU DOWN!"
2026-05-04T18:38:55.913Z,116517760919998028,https://truthsocial.com/@realDonaldTrump/116517760919998028,no,"I am proud to once again endorse Texas Lieutenant Governor, Dan Patrick, for Re-Election.   As Texas Chair of our Presidential Campaigns in 2016, 2020, and 2024, Dan has been an incredible friend to our Movement, helping us WIN BIG in the Primaries and General Elections. In his next Term, Dan will fight tirelessly alongside of us to Secure the Border, Stop Migrant Crime, Grow the Economy, Cut Taxes and Regulations, Champion School Choice, Support our Great Military/Vets, Restore American Energy DOMINANCE, and Strongly Protect our always under siege Second Amendment.   Dan Patrick has my Complete and Total Endorsement – He will never let you down!"
2026-05-04T17:37:09.652Z,116517518026675740,https://truthsocial.com/@realDonaldTrump/116517518026675740,no,"Jonathan Karl, of ABC Fake News, made a statement that I called him early in the morning, the day after the assassination attempt, to ask whether or not HE was OK. No, this was a hit on ME, not HIM, and I didn’t make such a call, why would I do that? He called me, but I didn’t take his call — He just confirmed that to me when he called again. I would say that’s very dishonest reporting. He’s trying to make himself look important but, I’m not surprised, because it comes from ABC Fake News! President DONALD J. TRUMP"
2026-05-04T17:16:58.896Z,116517438678419639,https://truthsocial.com/@realDonaldTrump/116517438678419639,no,"Iran has taken some shots at unrelated Nations with respect to the Ship Movement, PROJECT FREEDOM, including a South Korean Cargo Ship. Perhaps it’s time for South Korea to come and join the mission! We’ve shot down seven small Boats or, as they like to call them, “fast” Boats. It’s all they have left. Other than the South Korean Ship, there has been, at this moment, no damage going through the Strait. Secretary of War Pete Hegseth and Chairman of the Joint Chiefs of Staff, Dan Caine, will have a News Conference tomorrow morning. Thank you for your attention to this matter! President DONALD J. TRUMP"
2026-05-04T13:46:42.094Z,116516611823825740,https://truthsocial.com/@realDonaldTrump/116516611823825740,no,
2026-05-04T13:35:15.567Z,116516566831328525,https://truthsocial.com/@realDonaldTrump/116516566831328525,no,
2026-05-04T12:20:16.531Z,116516271982832945,https://truthsocial.com/@realDonaldTrump/116516271982832945,no,"When a devastated (he was crying like a baby!) Van Jones of CNN came to me with a group of African American leaders, he had “DEAD” in getting Criminal Justice Reform approved in Congress. Van Jones and these Black reps had been unsuccessfully fighting to get “Reform” for many years.  He was just wasting everyone’s time - Needed 5 Conservative Senators - there was no chance, or even hope, for a win. I liked some of the people he was with, agreed with what they were saying, and quickly rounded up the votes needed to get CRIMINAL JUSTICE REFORM approved. It was NOT easy! Nobody else, including Obama, who tried to for years, could have done this! Now I watch this guy, Van Jones, every chance he gets, calling me a “Dictator,” and far worse. He should be ashamed of himself!!! President DJT"
2026-05-04T02:51:11.278Z,116514034239300873,https://truthsocial.com/@realDonaldTrump/116514034239300873,no,"TERMINATE THE FILIBUSTER, AND WIN!!! President DJT"
2026-05-03T23:17:54.340Z,116513195579187634,https://truthsocial.com/@realDonaldTrump/116513195579187634,no,"Our fabulous Rudy Giuliani, a True Warrior, and the Best Mayor in the History of New York City, BY FAR, has been hospitalized, and is in critical condition. What a tragedy that he was treated so badly by the Radical Left Lunatics, Democrats ALL — AND HE WAS RIGHT ABOUT EVERYTHING! They cheated on the Elections, fabricated hundreds of stories, did anything possible to destroy our Nation, and now, look at Rudy. So sad! President DONALD J. TRUMP"
2026-05-03T23:09:49.001Z,116513163772009550,https://truthsocial.com/@realDonaldTrump/116513163772009550,no,"We cannot allow there to be an Election that is conducted unconstitutionally simply for the “convenience” of State Legislatures. If they have to vote twice, so be it. We should demand that State Legislatures do what the Supreme Court says must be done. That is more important than administrative convenience. The byproduct is that the Republicans will receive more than 20 House Seats in the upcoming Midterms! President DONALD J. TRUMP"
2026-05-03T23:09:15.031Z,116513161545641614,https://truthsocial.com/@realDonaldTrump/116513161545641614,no,
2026-05-03T23:04:08.877Z,116513141481569905,https://truthsocial.com/@realDonaldTrump/116513141481569905,no,
2026-05-03T23:03:32.114Z,116513139072353838,https://truthsocial.com/@realDonaldTrump/116513139072353838,no,
2026-05-03T22:50:14.979Z,116513086831283231,https://truthsocial.com/@realDonaldTrump/116513086831283231,no,"Hakeem Jeffries, a Low IQ individual, said our Supreme Court is “illegitimate.” After saying such a thing, isn’t he subject to Impeachment? I got impeached for A PERFECT PHONE CALL. Where are you Republicans? Why not get it started? They’ll be doing this to me! President DONALD J. TRUMP"
2026-05-03T22:26:13.160Z,116512992340359826,https://truthsocial.com/@realDonaldTrump/116512992340359826,no,"Bill Maher got “eaten up” by Gavin Newscum when Newscum said how well California is doing, A COMPLETE LIE, and Bill Maher never challenged him, not even a little bit. Also, Bill Maher’s “Ratings” SUCK! President DONALD J. TRUMP"
2026-05-03T22:25:34.637Z,116512989815567980,https://truthsocial.com/@realDonaldTrump/116512989815567980,no,"Fannie Mae Headquarters in Reston, Virginia. MAGA!"
2026-05-03T22:20:41.581Z,116512970609978827,https://truthsocial.com/@realDonaldTrump/116512970609978827,no,
2026-05-03T22:20:13.813Z,116512968790021543,https://truthsocial.com/@realDonaldTrump/116512968790021543,no,
2026-05-03T20:35:01.763Z,116512555123589170,https://truthsocial.com/@realDonaldTrump/116512555123589170,no,"Countries from all over the World, almost all of which are not involved in the Middle Eastern dispute going on so visibly, and violently, for all to see, have asked the United States if we could help free up their Ships, which are locked up in the Strait of Hormuz, on something which they have absolutely nothing to do with — They are merely neutral and innocent bystanders! For the good of Iran, the Middle East, and the United States, we have told these Countries that we will guide their Ships safely out of these restricted Waterways, so that they can freely and ably get on with their business. Again, these are Ships from areas of the World that are not in any way involved with that which is currently taking place in the Middle East. I have told my Representatives to inform them that we will use best efforts to get their Ships and Crews safely out of the Strait. In all cases, they said they will not be returning until the area becomes safe for navigation, and everything else. This process, Project Freedom, will begin Monday morning, Middle East time. I am fully aware that my Representatives are having very positive discussions with the Country of Iran, and that these discussions could lead to something very positive for all. The Ship movement is merely meant to free up people, companies, and Countries that have done absolutely nothing wrong — They are victims of circumstance. This is a Humanitarian gesture on behalf of the United States, Middle Eastern Countries but, in particular, the Country of Iran. Many of these Ships are running low on food, and everything else necessary for largescale crews to stay on board in a healthy and sanitary manner. I think it would go a long way in showing Goodwill on behalf of all of those who have been fighting so strenuously over the last number of months. If, in any way, this Humanitarian process is interfered with, that interference will, unfortunately, have to be dealt with forcefully. Thank you for your attention to this matter!DONALD J. TRUMP PRESIDENT OF THE UNITED STATES OF AMERICA"
2026-05-03T15:14:16.074Z,116511293838078879,https://truthsocial.com/@realDonaldTrump/116511293838078879,no,"Trump Tells German Chancellor Merz ‘Fix Your Broken Country,’ Mulls Pulling U.S. Troops from Spain and Italy: https://www.breitbart.com/europe/2026/05/01/trump-tells-german-chancellor-merz-to-fix-his-broken-country-mulls-pulling-u-s-troops-from-spain-and-italy/"
2026-05-03T15:13:45.752Z,116511291851057573,https://truthsocial.com/@realDonaldTrump/116511291851057573,no,"Trump Administration to Withdraw Thousands of Troops From NATO Ally Germany, Pentagon Says: https://www.breitbart.com/europe/2026/05/02/trump-admin-to-withdraw-thousands-of-troops-from-nato-ally-germany/"
2026-05-03T14:40:25.309Z,116511160749911403,https://truthsocial.com/@realDonaldTrump/116511160749911403,no,Exclusive — Deputy Italian Prime Minister Matteo Salvini: Trump’s ‘Courage’ for ‘Cultural Foundation’ Critical to Survival of the West: https://www.breitbart.com/politics/2026/05/03/exclusive-deputy-italian-prime-minister-matteo-salvini-trumps-courage-for-cultural-foundation-critical-to-survival-of-the-west/
2026-05-02T23:12:54.339Z,116507513607934090,https://truthsocial.com/@realDonaldTrump/116507513607934090,no,"I hate seeing Fox, and other Conservative Outlets, constantly making Low Rated Bill Maher “relevant” as it pertains to the Republican Party, and beyond. Bill Maher is a weak and ineffective person who I got to know very well during my dinner with him at the White House. He was nervous, scared, and the first words he uttered as he entered the Oval Office were, “Can I have a drink?” It was very endearing but, at the same time, absolutely pathetic. He was much different from what people think but, last night, I happened to watch Gavin Newscum, an admittedly Low IQ person, who said he can’t read a speech, is dumb, and essentially, incompetent, and he took Bill Maher “over the coals.” Bill Maher was defenseless, and totally deficient. Either he didn’t have the knowledge, or he choked, because Gavin went on and on about how good California is doing, while it’s doing very poorly, having, by far, the worst year it’s ever had where, for the first time in History, more people are leaving than coming. Bill Maher started by saying that California was doing poorly, only to have Newscum speak for an extended period of time, and lie about the facts. All you have to do is look at what’s happened to Los Angeles, San Francisco, the horrendous homeless problem all over every street, the Railway catastrophe that is Billions of Dollars over budget, and has never been built, the inability to rebuild the 25,000 homes that were destroyed by the fire because he refused to allow water into the street from the Southwest (If it weren’t for our Superstar EPA Administrator Lee Zeldin, and me, they wouldn’t have any homes being built right now!). Fox should stop putting this person on. He’s not representing us. You look weak, stupid, and ineffective, and I hate seeing that. DON’T USE BILL MAHER ANY LONGER AS A REPRESENTATIVE OF YOU! I hate hearing that “Bill Maher said…” — Bill Maher is a MORON, though slightly more talented than Jimmy Kimmel. President DONALD J. TRUMP"
2026-05-02T23:09:53.790Z,116507501775457290,https://truthsocial.com/@realDonaldTrump/116507501775457290,no,"So ironic that Cryin’ Chuck Schumer and the Democrats are hiring SLEAZEBAGS like Barack Hussein Obama’s Crooked former Attorney General, Eric Holder, and others of that ilk, to look into Voter Integrity, when this same group of Human Garbage RIGGED the 2020 Presidential Election. GET TOUGH REPUBLICANS — THEY’RE COMING, AND THEY’RE COMING FAST! They’re no good for our Country, they almost destroyed it, and we don’t want to let that happen again! These are highly dishonest people who are, in many ways, treasonous, in that they are trying to destabilize the United States of America in what, some would call, a War. Republicans must TERMINATE THE FILIBUSTER, and approve all of the necessary Safeguards we need for Elections to protect the American Public during the upcoming Midterms. MAKE AMERICA GREAT AGAIN! President DONALD J. TRUMP"
2026-05-02T22:47:44.377Z,116507414650995614,https://truthsocial.com/@realDonaldTrump/116507414650995614,no,"I will soon be reviewing the plan that Iran has just sent to us, but can’t imagine that it would be acceptable in that they have not yet paid a big enough price for what they have done to Humanity, and the World, over the last 47 years. Thank you for your attention to this matter! President DONALD J. TRUMP"
2026-05-02T03:45:32.282Z,116502923327437911,https://truthsocial.com/@realDonaldTrump/116502923327437911,no,
2026-05-02T03:41:16.371Z,116502906556000308,https://truthsocial.com/@realDonaldTrump/116502906556000308,no,
2026-05-02T03:40:12.563Z,116502902374252861,https://truthsocial.com/@realDonaldTrump/116502902374252861,no,"This is what our Country was before, and after, “TRUMP!”"
2026-05-02T03:37:57.815Z,116502893543384666,https://truthsocial.com/@realDonaldTrump/116502893543384666,no,
2026-05-02T03:32:15.483Z,116502871108388206,https://truthsocial.com/@realDonaldTrump/116502871108388206,no,
2026-05-02T03:26:35.877Z,116502848851907459,https://truthsocial.com/@realDonaldTrump/116502848851907459,no,
2026-05-02T03:22:48.789Z,116502833969390552,https://truthsocial.com/@realDonaldTrump/116502833969390552,no,
2026-05-02T03:15:25.068Z,116502804889768576,https://truthsocial.com/@realDonaldTrump/116502804889768576,no,
2026-05-02T03:13:19.908Z,116502796687355089,https://truthsocial.com/@realDonaldTrump/116502796687355089,no,"Low IQ Democrat Minority Leader, Hakeem Jeffries, is nothing but a THUG, and he is a danger to our Country! President DONALD J. TRUMP"
2026-05-02T03:04:29.242Z,116502761909535615,https://truthsocial.com/@realDonaldTrump/116502761909535615,no,
2026-05-02T03:03:06.460Z,116502756484361615,https://truthsocial.com/@realDonaldTrump/116502756484361615,no,
2026-05-02T02:24:44.366Z,116502605614258580,https://truthsocial.com/@realDonaldTrump/116502605614258580,no,
2026-05-01T23:07:06.506Z,116501828501933903,https://truthsocial.com/@realDonaldTrump/116501828501933903,yes,"RT @realDonaldTrumpIt is my Great Honor to endorse America First Patriot, Ralph Alvarado, M.D., who is running to represent the incredible people of Kentucky’s 6th Congressional District.   A true friend to MAGA, Ralph was a featured Speaker at the 2016 Republican National Convention, and a Member of the National Hispanic Advisory Council for “TRUMP” – RALPH HAS BEEN WITH US FROM THE VERY BEGINNING! A very successful Family Physician, and former Kentucky State Senator, Ralph has dedicated his life to serving his Community. As your next Congressman, Ralph will fight tirelessly to Grow the Economy, Promote our Amazing Farmers and Ranchers, Advance American Energy DOMINANCE, Cut Taxes and Regulations, Promote MADE IN THE U.S.A., Keep our Border SECURE, Stop Migrant Crime, Support our Brave Military/Veterans, and Protect our always under siege Second Amendment.   Dr. Ralph Alvarado has my Complete and Total Endorsement to be the next Representative from Kentucky’s 6th Congressional District — HE WILL NEVER LET YOU DOWN!"
2026-05-01T23:07:02.747Z,116501828255499541,https://truthsocial.com/@realDonaldTrump/116501828255499541,yes,"RT @realDonaldTrumpProven Political Winner Andy Barr is running for the United States Senate in the Great Commonwealth of Kentucky, a place I love and WON BIG, six times, including Primaries, in 2016, 2020, and 2024!   I know Andy well, and he is always a Vote we can count on because he knows what it takes to GET THINGS DONE and, MAKE AMERICA GREAT AGAIN! I Endorsed Andy years ago, in his first Race, and all others, for Congress, and he never let me down — He is a 100% solid American Patriot! Andy Barr is a Strong Supporter of TERMINATING THE FILIBUSTER, before the Democrats do it (which they will, on Day One, if they get control of the U.S. Senate!). He will do everything in his power to get it done. It is desperately needed by the Republican Party to pass the SAVE AMERICA ACT, and all other things necessary for a strong and brilliant Country! In the Senate, Andy will fight tirelessly to Grow our Economy, Cut Taxes and Regulations, Champion the Interests of our Amazing Farmers and Ranchers, Promote MADE IN THE U.S.A., Unleash American Energy DOMINANCE, Keep our Border SECURE, Stop Migrant Crime, Strengthen our Military/Veterans, Safeguard our Elections, and Defend our always under siege Second Amendment.   Andy is the only Candidate who will easily defeat the Democrat in what will be one of the most important Elections in American History. He will help ensure Victory against these Radical Left, Country Destroying, THUGS. Andy Barr has my Complete and Total Endorsement to be the next United States Senator from Kentucky – HE WILL NEVER LET YOU DOWN!"
2026-05-01T23:07:00.126Z,116501828083781749,https://truthsocial.com/@realDonaldTrump/116501828083781749,yes,"RT @realDonaldTrumpI had a great meeting with Mr. Nate Morris, of Kentucky, yesterday. Nate is a terrific businessman and strong MAGA Warrior. I will be making an Endorsement for U.S. Senate in Kentucky shortly, but I’ve asked Nate to step aside from that Race to take a role in my Administration as an Ambassador. Nate is Oxford educated, tough as nails, LOVES our Great Nation, and will represent the United States very well, overseas, or otherwise. He has a great future in politics, or anything else he chooses to do. We will be announcing Nate’s new role soon. Stay tuned for my important Endorsement for Senate in Kentucky. It will be a big one, and straight from the heart. Republicans must win the Senate! President DONALD J. TRUMP"
2026-05-01T23:04:03.122Z,116501816483688599,https://truthsocial.com/@realDonaldTrump/116501816483688599,no,"To the amazing Patriots in Indiana’s 41st State Senate District: PLEASE GET OUT AND VOTE for a tremendous Candidate, Michelle Davis, a Highly Respected State Representative, and a true MAGA Warrior, who has my Complete and Total Endorsement. Early Voting ends May 4th, and Election Day is May 5th, in this very important Republican Primary for SD-41 – You can win this Election for Michelle!   Unlike incumbent Greg Walker, a “RINO” LOSER, who has failed the wonderful people of Indiana so badly, MICHELLE DAVIS IS A WINNER WHO WILL NEVER LET YOU DOWN. GET OUT AND VOTE FOR MICHELLE DAVIS BY MAY 5TH!   Find your Voting Location at: https://swampthevoteusa.com/indiana/"
2026-05-01T23:03:48.234Z,116501815507913279,https://truthsocial.com/@realDonaldTrump/116501815507913279,no,"To the incredible Patriots in Indiana’s 39th State Senate District: PLEASE GET OUT AND VOTE for a fantastic Candidate, Jeff Ellington, the Highly Respected Greene County GOP Chairman, and a true America First Champion, who has my Complete and Total Endorsement. Early Voting ends May 4th, and Election Day is May 5th, in this very important Republican Primary for SD-39 – You can win this Election for Jeff!   JEFF ELLINGTON IS A WINNER WHO WILL NEVER LET YOU DOWN – GET OUT AND VOTE FOR JEFF BY MAY 5TH!   Find your Voting Location at: https://swampthevoteusa.com/indiana/"
2026-05-01T23:03:34.852Z,116501814630910015,https://truthsocial.com/@realDonaldTrump/116501814630910015,no,"To the amazing Patriots in Indiana’s 38th State Senate District: PLEASE GET OUT AND VOTE for a tremendous Candidate, “BRENDA” Wilson, a Highly Respected Vigo County Council Member, and a proven America First Champion, who has my Complete and Total Endorsement. Early Voting ends May 4th, and Election Day is May 5th, in this very important Republican Primary for SD-38 – You can win this Election for BRENDA!   Unlike incumbent “No Goode” Greg Goode (BAD FOR THE U.S.A.!), a RINO LOSER, who has failed the wonderful people of Indiana so badly, BRENDA IS A WINNER WHO WILL NEVER LET YOU DOWN. GET OUT AND VOTE FOR BRENDA BY MAY 5TH!   Find your Voting Location at: https://swampthevoteusa.com/indiana/"
2026-05-01T23:03:19.656Z,116501813635219695,https://truthsocial.com/@realDonaldTrump/116501813635219695,no,"To the wonderful Patriots in Indiana’s 23rd State Senate District: PLEASE GET OUT AND VOTE for an incredible Candidate, Paula Copenhaver, the Highly Respected Fountain County GOP Chair, and a true MAGA Warrior, who has my Complete and Total Endorsement. Early Voting ends May 4th, and Election Day is May 5th, in this very important Republican Primary for SD-23 – You can win this Election for Paula!   Unlike incumbent Spencer Deery, a “RINO” LOSER, who has failed the fantastic people of Indiana so badly, PAULA COPENHAVER IS A WINNER WHO WILL NEVER LET YOU DOWN. GET OUT AND VOTE FOR PAULA COPENHAVER BY MAY 5TH!   Find your Voting Location at: https://swampthevoteusa.com/indiana/"
2026-05-01T23:03:02.907Z,116501812537382758,https://truthsocial.com/@realDonaldTrump/116501812537382758,no,"To the fantastic Patriots in Indiana’s 21st State Senate District: PLEASE GET OUT AND VOTE for a GREAT Candidate, Tracey Powell, a Highly Respected Tipton County Commissioner, and true America First Champion, who has my Complete and Total Endorsement. Early Voting ends May 4th, and Election Day is May 5th, in this very important Republican Primary for SD-21 – You can win this Election for Tracey!   Unlike incumbent Jim Buck, a “RINO” LOSER, who has failed the amazing people of Indiana so badly, TRACEY POWELL IS A WINNER WHO WILL NEVER LET YOU DOWN. GET OUT AND VOTE FOR TRACEY POWELL BY MAY 5TH!   Find your Voting Location at: https://swampthevoteusa.com/indiana/"
2026-05-01T23:02:47.248Z,116501811511192146,https://truthsocial.com/@realDonaldTrump/116501811511192146,no,"To the tremendous Patriots in Indiana’s 19th State Senate District: PLEASE GET OUT AND VOTE for an amazing Candidate, Blake Fiechter, a Highly Respected Bluffton City Councilman, and true America First Champion, who has my Complete and Total Endorsement. Early Voting ends May 4th, and Election Day is May 5th, in this very important Republican Primary for SD-19 – You can win this Election for Blake!   Unlike incumbent Travis Holdman, a “RINO” LOSER, who has failed the wonderful people of Indiana so badly, BLAKE FIECHTER IS A WINNER WHO WILL NEVER LET YOU DOWN. GET OUT AND VOTE FOR BLAKE FIECHTER BY MAY 5TH!   Find your Voting Location at: https://swampthevoteusa.com/indiana/"
2026-05-01T23:02:18.255Z,116501809611050315,https://truthsocial.com/@realDonaldTrump/116501809611050315,no,"To the incredible Patriots in Indiana’s 11th State Senate District: PLEASE GET OUT AND VOTE for a wonderful Candidate, Dr. Brian Schmutzler, a Highly Respected Anesthesiologist, and REAL Republican, who has my Complete and Total Endorsement. Early Voting ends May 4th, and Election Day is May 5th, in this very important Republican Primary for SD-11 — You can win this Election for Brian!   Unlike incumbent Linda Rogers, a “RINO” LOSER, who has failed the tremendous people of Indiana so badly, DR. BRIAN SCHMUTZLER IS A WINNER WHO WILL NEVER LET YOU DOWN. GET OUT AND VOTE FOR DR. BRIAN SCHMUTZLER BY MAY 5TH!   Find your Voting Location at: https://swampthevoteusa.com/indiana/"
2026-05-01T23:01:53.216Z,116501807970154632,https://truthsocial.com/@realDonaldTrump/116501807970154632,no,"To the Great Patriots in Indiana’s 1st State Senate District: PLEASE GET OUT AND VOTE for a fantastic Candidate, Trevor De Vries, a successful Businessman, and REAL Republican, who has my Complete and Total Endorsement. Early Voting ends May 4th, and Election Day is May 5th, in this very important Republican Primary for SD-1 – You can win this Election for Trevor!   Unlike incumbent Dan Dernulc, a “RINO” LOSER, who has failed the incredible people of Indiana so badly, TREVOR DE VRIES IS A WINNER WHO WILL NOT LET YOU DOWN. GET OUT AND VOTE FOR TREVOR DE VRIES BY MAY 5TH!   Find your Voting Location at: https://swampthevoteusa.com/indiana/"
2026-05-01T23:01:19.612Z,116501805768129307,https://truthsocial.com/@realDonaldTrump/116501805768129307,no,"It is my Great Honor to endorse America First Patriot, Ralph Alvarado, M.D., who is running to represent the incredible people of Kentucky’s 6th Congressional District.   A true friend to MAGA, Ralph was a featured Speaker at the 2016 Republican National Convention, and a Member of the National Hispanic Advisory Council for “TRUMP” – RALPH HAS BEEN WITH US FROM THE VERY BEGINNING! A very successful Family Physician, and former Kentucky State Senator, Ralph has dedicated his life to serving his Community. As your next Congressman, Ralph will fight tirelessly to Grow the Economy, Promote our Amazing Farmers and Ranchers, Advance American Energy DOMINANCE, Cut Taxes and Regulations, Promote MADE IN THE U.S.A., Keep our Border SECURE, Stop Migrant Crime, Support our Brave Military/Veterans, and Protect our always under siege Second Amendment.   Dr. Ralph Alvarado has my Complete and Total Endorsement to be the next Representative from Kentucky’s 6th Congressional District — HE WILL NEVER LET YOU DOWN!"
2026-05-01T22:59:34.344Z,116501798869145857,https://truthsocial.com/@realDonaldTrump/116501798869145857,no,"Proven Political Winner Andy Barr is running for the United States Senate in the Great Commonwealth of Kentucky, a place I love and WON BIG, six times, including Primaries, in 2016, 2020, and 2024!   I know Andy well, and he is always a Vote we can count on because he knows what it takes to GET THINGS DONE and, MAKE AMERICA GREAT AGAIN! I Endorsed Andy years ago, in his first Race, and all others, for Congress, and he never let me down — He is a 100% solid American Patriot! Andy Barr is a Strong Supporter of TERMINATING THE FILIBUSTER, before the Democrats do it (which they will, on Day One, if they get control of the U.S. Senate!). He will do everything in his power to get it done. It is desperately needed by the Republican Party to pass the SAVE AMERICA ACT, and all other things necessary for a strong and brilliant Country! In the Senate, Andy will fight tirelessly to Grow our Economy, Cut Taxes and Regulations, Champion the Interests of our Amazing Farmers and Ranchers, Promote MADE IN THE U.S.A., Unleash American Energy DOMINANCE, Keep our Border SECURE, Stop Migrant Crime, Strengthen our Military/Veterans, Safeguard our Elections, and Defend our always under siege Second Amendment.   Andy is the only Candidate who will easily defeat the Democrat in what will be one of the most important Elections in American History. He will help ensure Victory against these Radical Left, Country Destroying, THUGS. Andy Barr has my Complete and Total Endorsement to be the next United States Senator from Kentucky – HE WILL NEVER LET YOU DOWN!"
2026-05-01T22:43:24.580Z,116501735314599862,https://truthsocial.com/@realDonaldTrump/116501735314599862,no,"I had a great meeting with Mr. Nate Morris, of Kentucky, yesterday. Nate is a terrific businessman and strong MAGA Warrior. I will be making an Endorsement for U.S. Senate in Kentucky shortly, but I’ve asked Nate to step aside from that Race to take a role in my Administration as an Ambassador. Nate is Oxford educated, tough as nails, LOVES our Great Nation, and will represent the United States very well, overseas, or otherwise. He has a great future in politics, or anything else he chooses to do. We will be announcing Nate’s new role soon. Stay tuned for my important Endorsement for Senate in Kentucky. It will be a big one, and straight from the heart. Republicans must win the Senate! President DONALD J. TRUMP"
2026-05-01T20:56:52.707Z,116501316416820739,https://truthsocial.com/@realDonaldTrump/116501316416820739,no,
2026-05-01T15:54:34.239Z,116500127694152404,https://truthsocial.com/@realDonaldTrump/116500127694152404,no,"WE JUST DELIVERED A HUGE WIN for our Great Fishermen and Anglers in FLORIDA, GEORGIA, SOUTH CAROLINA, and NORTH CAROLINA! We have just officially approved ALL STATE PERMITS for the 2026 Red Snapper recreational season. For years, our Great Fishermen have been punished with VERY short Federal fishing seasons despite RECORD HIGH fish populations and the States begging to oversee these permits. The incompetent Biden Administration tried to SHUT DOWN THE OCEANS to our Fishermen, entirely. We love and respect our Fishermen and, unlike the Democrats, will only do good for them. To all those who fish “Red Snapper” — TRUMP and NOAA are delivering for you. ENJOY!! President DONALD J. TRUMP"
2026-05-01T15:50:28.985Z,116500111621281950,https://truthsocial.com/@realDonaldTrump/116500111621281950,no,"I am pleased to announce that, based on the fact the European Union is not complying with our fully agreed to Trade Deal, next week I will be increasing Tariffs charged to the European Union for Cars and Trucks coming into the United States. The Tariff will be increased to 25%. It is fully understood and agreed that, if they produce Cars and Trucks in U.S.A. Plants, there will be NO TARIFF. Many Automobile and Truck Plants are currently under construction, with over 100 Billion Dollars being invested, A RECORD in the History of Car and Truck Manufacturing. These Plants, staffed with American Workers, will be opening soon — There has never been anything like what is happening in America today! Thank you for your attention to this matter. President DONALD J. TRUMP"
2026-05-01T01:26:13.674Z,116496713231472397,https://truthsocial.com/@realDonaldTrump/116496713231472397,no,"Great job by highly respected Navy Commander Kirk Lippold in interview with Jesse Watters on FoxNews. Very smart and insightful concerning Iran, and more. Thank you, Commander! President DJT"
2026-04-30T18:30:28.863Z,116495078448348822,https://truthsocial.com/@realDonaldTrump/116495078448348822,no,"In Honor of the King and Queen of the United Kingdom, who have just left the White House, soon headed back to their wonderful Country, I will be removing the Tariffs and Restrictions on Whiskey having to do with Scotland’s ability to work with the Commonwealth of Kentucky on Whiskey and Bourbon, two very important Industries within Scotland and Kentucky. People have wanted to do this for a long time, in that there had been great Inter-Country Trade, especially having to do with the Wooden Barrels used. The King and Queen got me to do something that nobody else was able to do, without hardly even asking! A wonderful Honor to have them both in the U.S.A.  President DONALD J. TRUMP"
2026-04-30T18:08:55.173Z,116494993665115165,https://truthsocial.com/@realDonaldTrump/116494993665115165,no,"Congratulations to Ali al-Zaidi on his Nomination to be the next Prime Minister of Iraq! We wish him success as he works to form a new Government free from terrorism that could deliver a brighter future for Iraq. We look forward to a strong, vibrant, and highly productive new relationship between Iraq and the United States. This is the beginning of a tremendous new chapter between our Nations — Prosperity, Stability, and Success like never seen before. Again, Ali, CONGRATULATIONS! President DONALD J. TRUMP"
2026-04-30T17:50:52.462Z,116494922708605309,https://truthsocial.com/@realDonaldTrump/116494922708605309,no,"Anybody running for President or Vice President should be forced to take a Cognitive Examination prior to entering the Race! By doing so, we wouldn’t be surprised at people like Barack “Hussein” Obama, or Sleepy Joe Biden, getting “ELECTED.” Our Country would be a much better place! I took the Exam three times during my (“THREE!”) Terms as President, and ACED IT ALL THREE TIMES — An Achievement that, even on a single Exam, according to the Doctors, has rarely been done before! President DONALD J. TRUMP"
2026-04-30T17:44:49.133Z,116494898897346360,https://truthsocial.com/@realDonaldTrump/116494898897346360,no,"Hakeem Jeffries just called the Supreme Court of the United States an illegitimate Court! This is a Low IQ individual, who should not be allowed to talk that way about one of the Greatest Institutions anywhere in the World. He should withdraw the statement, IMMEDIATELY! President DONALD J. TRUMP"
2026-04-30T17:43:58.735Z,116494895594528861,https://truthsocial.com/@realDonaldTrump/116494895594528861,no,"Thank you to the Great Governor of Louisiana, Jeff Landry, for his leadership on the very important Callais case, and for moving so quickly to fix the Unconstitutionality of Louisiana’s Congressional Maps. He has shown tremendous Vision, Strength, and Leadership. Thank you Jeff, keep up the GREAT work! President DONALD J. TRUMP"
2026-04-30T16:55:59.920Z,116494706928688681,https://truthsocial.com/@realDonaldTrump/116494706928688681,no,"I had a very good conversation with Governor Bill Lee, of Tennessee, this morning, wherein he stated that he would work hard to correct the unconstitutional flaw in the Congressional Maps of the Great State of Tennessee. Likewise, all of the other Political Representatives of Tennessee have promised to do so. This should give us one extra seat, and help Save our Country from the Radical Left Democrats, and their Country destroying Policies of High Tax, Open Borders, Transgender Mutilization, Defunding the Police, ICE, and Border Patrol, No Voter ID, Soft on Crime, and so much more. Thank you Governor Lee — PUSH HARD! President DONALD J. TRUMP"
2026-04-30T16:43:45.458Z,116494658794846023,https://truthsocial.com/@realDonaldTrump/116494658794846023,no,"I am pleased to announce that I am nominating Dr. Nicole B. Saphier to be the next SURGEON GENERAL OF THE UNITED STATES OF AMERICA. Nicole is a STAR physician who has spent her career guiding women facing breast cancer through their diagnosis and treatment while tirelessly advocating to increase early cancer detection and prevention, while at the same time working with men and women on all other forms of cancer diagnoses and treatments. She is also an INCREDIBLE COMMUNICATOR, who makes complicated health issues more easily understood by all Americans. Dr. Nicole Saphier will do great things for our Country, and help, “MAKE AMERICA HEALTHY AGAIN.” Congratulations Nicole, our Country has long been waiting for you! President DONALD J. TRUMP"
2026-04-30T16:29:05.868Z,116494601149993417,https://truthsocial.com/@realDonaldTrump/116494601149993417,no,"Hopefully all of the Great Republican People of Louisiana, which I won, BIG, three times, will be voting Bill Cassidy OUT OF OFFICE in the upcoming Republican Primary! President DONALD J. TRUMP"
2026-04-30T16:22:18.311Z,116494574440493725,https://truthsocial.com/@realDonaldTrump/116494574440493725,no,"For months, Senator Bill Cassidy (of the GREAT State of Louisiana!), a very disloyal person whose “TRUMP” Endorsement got him elected, but later voted to impeach “President Trump” on what has now proven to be a total Hoax and Scam, has stood in the way of Robert F. Kennedy Jr.’s Nominee, Casey Means, for the important position of U.S. Surgeon General. I nominated Casey, a strong MAHA Warrior, at the recommendation of Secretary Kennedy, who understands the MAHA Movement better than anyone, with perhaps the possible exception of ME! Nevertheless, despite Senator Cassidy’s intransigence and political games, Casey will continue to fight for MAHA on the many important Health issues facing our Country, such as the rising childhood disease epidemic, increased autism rates, poor nutrition, over-medicalization, and researching the root causes of infertility, and many other difficult medical problems. Casey, thank you for your service to our Nation! President DONALD J. TRUMP"
2026-04-30T13:51:35.250Z,116493981794549356,https://truthsocial.com/@realDonaldTrump/116493981794549356,no,"How much abuse can the Republican Senate take from the Radical Left Lunatics in the form of Democrat Senators, before they BLOW UP (TERMINATE!) THE FILIBUSTER, and approve things at a record clip, including The Save America Act, that would be unthinkable without the Filibuster Termination??? The Dems will do it on the first hour of their first day. DO NOT BE STUPID!!! President DONALD J. TRUMP"
2026-04-30T13:40:56.010Z,116493939901285486,https://truthsocial.com/@realDonaldTrump/116493939901285486,no,"The Chancellor of Germany should spend more time on ending the war with Russia/Ukraine (Where he has been totally ineffective!), and fixing his broken Country, especially Immigration and Energy, and less time on interfering with those that are getting rid of the Iran Nuclear threat, thereby making the World, including Germany, a safer place! President DJT"
2026-04-30T13:27:02.762Z,116493885293364425,https://truthsocial.com/@realDonaldTrump/116493885293364425,no,https://truthsocial.com/@realDonaldTrump/116482569681977454
2026-04-30T13:25:46.692Z,116493880308071365,https://truthsocial.com/@realDonaldTrump/116493880308071365,no,"When is ABC Fake News Network firing seriously unfunny Jimmy Kimmel, who incompetently presides over one of the Lowest Rated shows on Television? People are angry. It better be soon!!! President DJT"
2026-04-30T03:35:30.275Z,116491559257751897,https://truthsocial.com/@realDonaldTrump/116491559257751897,no,"“86” is a mob term for “kill him.” They say 86 him! 86 47 means “kill President Trump.”James Comey, who is a Dirty Cop, one of the worst, knows this full well! EIGHT MILES OUT, SIX FEET DOWN! Didn’t he also lie to the FBI about this??? I think so! President DJT"
2026-04-30T03:12:45.649Z,116491469825575424,https://truthsocial.com/@realDonaldTrump/116491469825575424,no,Harvard Harris Poll: Strong Majority back President Trump on Iran Nuclear stoppage.
2026-04-30T03:09:36.009Z,116491457397348713,https://truthsocial.com/@realDonaldTrump/116491457397348713,no,https://truthsocial.com/users/SpiritualStreetfighter/statuses/116423375731645658
2026-04-30T01:22:20.045Z,116491035609991866,https://truthsocial.com/@realDonaldTrump/116491035609991866,no,https://truthsocial.com/users/IStandWithTrump47/statuses/116423365916813680
2026-04-29T23:04:28.719Z,116490493540315586,https://truthsocial.com/@realDonaldTrump/116490493540315586,no,"Robert Hardman has written an amazing book about the incredible life of the beloved and deeply respected Queen Elizabeth II. In his research, Robert discovers many interesting things about the Queen, King Charles, and other members of the Royal Family. Robert's book, ""Elizabeth II: In Private. In Public. Her Story,"" promises to be a MUST READ, and can be purchased on Amazon, and at every major bookstore. Congratulations on what will soon be a Bestseller! President DONALD J. TRUMP https://www.amazon.com/Elizabeth-II-Private-Public-Story/dp/B0FXVC6PHH/ref=tmm_hrd_swatch_0"
2026-04-29T22:20:21.698Z,116490320065457761,https://truthsocial.com/@realDonaldTrump/116490320065457761,no,"Intel Stock continues to rise. I’m very proud of that Company in that I am responsible for making the United States of America over 30 Billion Dollars in the last 90 days on that stock alone. There are others that, likewise, I have been very successful with by taking pieces of the Equity for support. Congratulations to Intel on doing such a great job and, more importantly, congratulations to the People of the United States for making such a good investment! President DONALD J. TRUMP"
2026-04-29T21:55:11.798Z,116490221112397902,https://truthsocial.com/@realDonaldTrump/116490221112397902,no,Jerome “Too Late” Powell wants to stay at the Fed because he can’t get a job anywhere else — Nobody wants him. President DONALD J. TRUMP
2026-04-29T21:48:56.397Z,116490196510215628,https://truthsocial.com/@realDonaldTrump/116490196510215628,no,"The United States is studying and reviewing the possible reduction of Troops in Germany, with a determination to be made over the next short period of time. Thank you for your attention to this matter! President DONALD J. TRUMP"
2026-04-29T21:18:14.091Z,116490075773072322,https://truthsocial.com/@realDonaldTrump/116490075773072322,no,"Today's 6-3 Supreme Court decision in the Callais case is a BIG WIN for Equal Protection under the Law, as it returns the Voting Rights Act to its Original Intent, which was to protect against intentional Racial Discrimination. Thank you to brilliant Justice Samuel Alito for authoring this important and appropriate Opinion. Congratulations! President DONALD J. TRUMP"
2026-04-29T08:05:38.645Z,116486959174837748,https://truthsocial.com/@realDonaldTrump/116486959174837748,no,Iran can’t get their act together. They don’t know how to sign a nonnuclear deal. They better get smart soon! President DJT
2026-04-28T18:25:13.830Z,116483733181582907,https://truthsocial.com/@realDonaldTrump/116483733181582907,no,"The Chancellor of Germany, Friedrich Merz, thinks it’s OK for Iran to have a Nuclear Weapon. He doesn’t know what he’s talking about! If Iran had a Nuclear Weapon, the whole World would be held hostage. I am doing something with Iran, right now, that other Nations, or Presidents, should have done long ago. No wonder Germany is doing so poorly, both Economically, and otherwise! President DONALD J. TRUMP"
2026-04-28T17:41:02.502Z,116483559424106831,https://truthsocial.com/@realDonaldTrump/116483559424106831,no,
2026-04-28T13:29:20.236Z,116482569681977454,https://truthsocial.com/@realDonaldTrump/116482569681977454,no,"Iran has just informed us that they are in a “State of Collapse.” They want us to “Open the Hormuz Strait,” as soon as possible, as they try to figure out their leadership situation (Which I believe they will be able to do!). Thank you for your attention to this matter! President DONALD J. TRUMP"
2026-04-28T13:13:05.506Z,116482505797913052,https://truthsocial.com/@realDonaldTrump/116482505797913052,no,"Wow, that’s nice. I’ve always wanted to live in Buckingham Palace!!! I’ll talk to the King and Queen about this in a few minutes!!! President DJT"
2026-04-28T11:57:55.938Z,116482210260744436,https://truthsocial.com/@realDonaldTrump/116482210260744436,no,Hate Incorporated: The left's intolerance machine threatens to change security forever: https://justthenews.com/government/security/tuehate-incorporated-lefts-intolerance-machine-threatens-change-security
2026-04-28T10:41:36.116Z,116481910110003463,https://truthsocial.com/@realDonaldTrump/116481910110003463,no,
2026-04-28T10:40:31.051Z,116481905845926385,https://truthsocial.com/@realDonaldTrump/116481905845926385,no,
2026-04-28T10:39:29.688Z,116481901824435078,https://truthsocial.com/@realDonaldTrump/116481901824435078,no,
2026-04-28T10:37:35.491Z,116481894340265231,https://truthsocial.com/@realDonaldTrump/116481894340265231,no,
2026-04-28T00:16:41.393Z,116479452865634973,https://truthsocial.com/@realDonaldTrump/116479452865634973,no,"America’s Elections are Rigged, Stolen, and a Laughingstock all over the World. We are either going to fix them, or we won’t have a Country any longer. I am asking all Republicans to fight for the following:   SAVE AMERICA ACT!1. ALL VOTERS MUST SHOW VOTER I.D. (IDENTIFICATION!).2. ALL VOTERS MUST SHOW PROOF OF CITIZENSHIP IN ORDER TO VOTE.3. NO MAIL-IN BALLOTS (EXCEPT FOR ILLNESS, DISABILITY, MILITARY, OR TRAVEL!)."
2026-04-28T00:16:06.286Z,116479450564881147,https://truthsocial.com/@realDonaldTrump/116479450564881147,no,https://www.usatoday.com/story/graphics/2024/11/15/how-did-america-vote-2024-election-analysis/76292995007/
2026-04-27T20:06:30.200Z,116478469092308736,https://truthsocial.com/@realDonaldTrump/116478469092308736,no,RT: https://truthsocial.com/users/realDonaldTrump/statuses/116478468387174911
2026-04-27T20:06:19.444Z,116478468387174911,https://truthsocial.com/@realDonaldTrump/116478468387174911,no,RT: https://truthsocial.com/users/realDonaldTrump/statuses/116478466541183406
2026-04-27T20:05:51.276Z,116478466541183406,https://truthsocial.com/@realDonaldTrump/116478466541183406,no,
2026-04-27T20:04:53.509Z,116478462755354807,https://truthsocial.com/@realDonaldTrump/116478462755354807,no,Former Governor Roy Cooper made this Tragedy happen. Vote for Michael Whatley!
2026-04-27T20:04:41.975Z,116478461999751272,https://truthsocial.com/@realDonaldTrump/116478461999751272,no,
2026-04-27T20:04:26.250Z,116478460968847845,https://truthsocial.com/@realDonaldTrump/116478460968847845,no,"RT: https://truthsocial.com/users/realDonaldTrump/statuses/116478459241932393When this project is finished, it will be fantastic!"
2026-04-27T20:03:59.898Z,116478459241932393,https://truthsocial.com/@realDonaldTrump/116478459241932393,no,
2026-04-27T18:56:47.546Z,116478194977749312,https://truthsocial.com/@realDonaldTrump/116478194977749312,no,"The Radical Left Democrats have kept DHS shut down since February 14th. Our Great Speaker, Mike Johnson, is working hard to end the Democrat Shut Down, and pass the first step of a plan to get FULL FUNDING for our incredible ICE and Border Patrol Agents. We need all Republicans to join together and support this Budget Blueprint, which will allow us to bypass Democrat obstruction in the Senate, and fund Immigration Enforcement with only Republican Votes. The Senate passed this Blueprint last week on Thursday morning, and now, House Republicans must UNIFY, and pass the same Blueprint to get the Bill done. I’ve asked for the final Bill on my desk by June 1st, and we can make that deadline if we keep to the plan, FAST and FOCUSED. Let’s take care of our Great Agents of Law Enforcement. Thank you for your attention to this matter! President DONALD J. TRUMP"
2026-04-27T17:26:09.205Z,116477838570626860,https://truthsocial.com/@realDonaldTrump/116477838570626860,no,"Wow, Jimmy Kimmel, who is in no way funny as attested to by his terrible Television Ratings, made a statement on his Show that is really shocking. He showed a fake video of the First Lady, Melania, and our son, Barron, like they were actually sitting in his studio, listening to him speak, which they weren’t, and never would be. He then stated, “Our First Lady, Melania, is here. Look at Melania, so beautiful. Mrs. Trump, you have a glow like an expectant widow."" A day later a lunatic tried entering the ballroom of the White House Correspondents Dinner, loaded up with a shotgun, handgun, and many knives. He was there for a very obvious and sinister reason. I appreciate that so many people are incensed by Kimmel’s despicable call to violence, and normally would not be responsive to anything that he said but, this is something far beyond the pale. Jimmy Kimmel should be immediately fired by Disney and ABC. Thank you for your attention to this matter! President DONALD J. TRUMP"
2026-04-27T03:00:20.277Z,116474434041424846,https://truthsocial.com/@realDonaldTrump/116474434041424846,no,GREAT IDEA!!! DO IT.  President DJT
2026-04-27T02:52:22.292Z,116474402720502063,https://truthsocial.com/@realDonaldTrump/116474402720502063,no,"Lee and Kim Greenwood, two of the most spectacular people, had their first grandchild on April 17th. They were with me from the very beginning - Total loyalty, and Lee gave me the greatest walk on song of all time, nothing even close!!! Congratulations to you both!!! Love, President DJT"
